-- MySQL Script generated by MySQL Workbench
-- Fri Feb  2 20:12:51 2018
-- Model: New Model    Version: 1.0
-- MySQL Workbench Forward Engineering

SET @OLD_UNIQUE_CHECKS=@@UNIQUE_CHECKS, UNIQUE_CHECKS=0;
SET @OLD_FOREIGN_KEY_CHECKS=@@FOREIGN_KEY_CHECKS, FOREIGN_KEY_CHECKS=0;
SET @OLD_SQL_MODE=@@SQL_MODE, SQL_MODE='TRADITIONAL,ALLOW_INVALID_DATES';

-- -----------------------------------------------------
-- Schema play
-- -----------------------------------------------------
DROP SCHEMA IF EXISTS `play` ;

-- -----------------------------------------------------
-- Schema play
-- -----------------------------------------------------
CREATE SCHEMA IF NOT EXISTS `play` DEFAULT CHARACTER SET utf8 ;
USE `play` ;

-- -----------------------------------------------------
-- Table `play`.`role`
-- -----------------------------------------------------
DROP TABLE IF EXISTS `play`.`role` ;

CREATE TABLE IF NOT EXISTS `play`.`role` (
  `id` INT NOT NULL AUTO_INCREMENT,
  `name` VARCHAR(45) NOT NULL,
  PRIMARY KEY (`id`))
ENGINE = InnoDB;


-- -----------------------------------------------------
-- Table `play`.`user`
-- -----------------------------------------------------
DROP TABLE IF EXISTS `play`.`user` ;

CREATE TABLE IF NOT EXISTS `play`.`user` (
  `id` INT NOT NULL AUTO_INCREMENT,
  `username` VARCHAR(255) NOT NULL,
  `password` VARCHAR(255) NOT NULL,
  `email` VARCHAR(255) NOT NULL,
  `role_id` INT NOT NULL,
  `is_banned` TINYINT(1) NULL DEFAULT 0,
  PRIMARY KEY (`id`),
  INDEX `fk_user_role1_idx` (`role_id` ASC),
  CONSTRAINT `fk_user_role1`
    FOREIGN KEY (`role_id`)
    REFERENCES `play`.`role` (`id`)
    ON DELETE NO ACTION
    ON UPDATE NO ACTION)
ENGINE = InnoDB;


-- -----------------------------------------------------
-- Table `play`.`parent`
-- -----------------------------------------------------
DROP TABLE IF EXISTS `play`.`parent` ;

CREATE TABLE IF NOT EXISTS `play`.`parent` (
  `user_id` INT NOT NULL,
  `wallet_points` INT NOT NULL,
  `name` VARCHAR(255) NOT NULL,
  `surname` VARCHAR(255) NOT NULL,
  `postal_code` VARCHAR(45) NOT NULL,
  `street` VARCHAR(255) NOT NULL,
  `street_number` VARCHAR(45) NOT NULL,
  `phone` VARCHAR(45) NOT NULL,
  `photo_link` VARCHAR(255) NULL,
  `latitude` DECIMAL(9,6) NOT NULL,
  `longtitude` DECIMAL(9,6) NOT NULL,
  PRIMARY KEY (`user_id`),
  CONSTRAINT `fk_parent_user1`
    FOREIGN KEY (`user_id`)
    REFERENCES `play`.`user` (`id`)
    ON DELETE NO ACTION
    ON UPDATE NO ACTION)
ENGINE = InnoDB;


-- -----------------------------------------------------
-- Table `play`.`provider`
-- -----------------------------------------------------
DROP TABLE IF EXISTS `play`.`provider` ;

CREATE TABLE IF NOT EXISTS `play`.`provider` (
  `user_id` INT NOT NULL,
  `wallet_points` INT NOT NULL,
  `company_name` VARCHAR(255) NOT NULL,
  `Description` TEXT(500) NULL,
  `AFM` VARCHAR(9) NOT NULL,
  `is_approved` TINYINT(1) NOT NULL,
  `name` VARCHAR(255) NOT NULL,
  `surname` VARCHAR(255) NOT NULL,
  `postal_code` VARCHAR(45) NOT NULL,
  `street` VARCHAR(255) NOT NULL,
  `street_number` VARCHAR(45) NOT NULL,
  `phone` VARCHAR(45) NOT NULL,
  `photo_link` VARCHAR(255) NULL,
  `subscription_expiry_date` DATE NULL DEFAULT NULL,
  `registration_date` DATE NULL,
  PRIMARY KEY (`user_id`),
  CONSTRAINT `fk_provider_user1`
    FOREIGN KEY (`user_id`)
    REFERENCES `play`.`user` (`id`)
    ON DELETE NO ACTION
    ON UPDATE NO ACTION)
ENGINE = InnoDB;


-- -----------------------------------------------------
-- Table `play`.`category`
-- -----------------------------------------------------
DROP TABLE IF EXISTS `play`.`category` ;

CREATE TABLE IF NOT EXISTS `play`.`category` (
  `id` INT NOT NULL AUTO_INCREMENT,
  `name` VARCHAR(45) NOT NULL,
  PRIMARY KEY (`id`))
ENGINE = InnoDB;


-- -----------------------------------------------------
-- Table `play`.`event`
-- -----------------------------------------------------
DROP TABLE IF EXISTS `play`.`event` ;

CREATE TABLE IF NOT EXISTS `play`.`event` (
  `id` INT NOT NULL AUTO_INCREMENT,
  `provider_user_id` INT NOT NULL,
  `category_id` INT NOT NULL,
  `title` VARCHAR(255) NOT NULL,
  `description` TEXT NOT NULL,
  `tags` VARCHAR(255) NOT NULL,
  `age_from` INT NOT NULL,
  `age_to` INT NOT NULL,
  `latitude` DECIMAL(9,6) NOT NULL,
  `longtitude` DECIMAL(9,6) NOT NULL,
  `postal_code` VARCHAR(45) NULL,
  `street` VARCHAR(255) NULL,
  `street_number` VARCHAR(45) NULL,
  `date_time` DATETIME NOT NULL,
  `ticket_price` DECIMAL(5,2) NOT NULL,
  `total_tickets` INT NULL,
  `available_tickets` INT NULL,
  `is_active` INT NULL,
  PRIMARY KEY (`id`),
  INDEX `fk_event_category1_idx` (`category_id` ASC),
  INDEX `fk_event_provider1_idx` (`provider_user_id` ASC),
  CONSTRAINT `fk_event_category1`
    FOREIGN KEY (`category_id`)
    REFERENCES `play`.`category` (`id`)
    ON DELETE NO ACTION
    ON UPDATE NO ACTION,
  CONSTRAINT `fk_event_provider1`
    FOREIGN KEY (`provider_user_id`)
    REFERENCES `play`.`provider` (`user_id`)
    ON DELETE NO ACTION
    ON UPDATE NO ACTION)
ENGINE = InnoDB;


-- -----------------------------------------------------
-- Table `play`.`ticket`
-- -----------------------------------------------------
DROP TABLE IF EXISTS `play`.`ticket` ;

CREATE TABLE IF NOT EXISTS `play`.`ticket` (
  `id` INT NOT NULL AUTO_INCREMENT,
  `parent_user_id` INT NOT NULL,
  `event_id` INT NOT NULL,
  `date_time` DATETIME NOT NULL,
  `quantity` INT NOT NULL,
  PRIMARY KEY (`id`),
  INDEX `fk_ticket_event1_idx` (`event_id` ASC),
  INDEX `fk_ticket_parent1_idx` (`parent_user_id` ASC),
  CONSTRAINT `fk_ticket_event1`
    FOREIGN KEY (`event_id`)
    REFERENCES `play`.`event` (`id`)
    ON DELETE NO ACTION
    ON UPDATE NO ACTION,
  CONSTRAINT `fk_ticket_parent1`
    FOREIGN KEY (`parent_user_id`)
    REFERENCES `play`.`parent` (`user_id`)
    ON DELETE NO ACTION
    ON UPDATE NO ACTION)
ENGINE = InnoDB;


-- -----------------------------------------------------
-- Table `play`.`event_photos`
-- -----------------------------------------------------
DROP TABLE IF EXISTS `play`.`event_photos` ;

CREATE TABLE IF NOT EXISTS `play`.`event_photos` (
  `id` INT NOT NULL AUTO_INCREMENT,
  `event_id` INT NOT NULL,
  `link` VARCHAR(255) NOT NULL,
  PRIMARY KEY (`id`),
  CONSTRAINT `fk_event_photos_event1`
    FOREIGN KEY (`event_id`)
    REFERENCES `play`.`event` (`id`)
    ON DELETE NO ACTION
    ON UPDATE NO ACTION)
ENGINE = InnoDB;


-- -----------------------------------------------------
-- Table `play`.`report`
-- -----------------------------------------------------
DROP TABLE IF EXISTS `play`.`report` ;

CREATE TABLE IF NOT EXISTS `play`.`report` (
  `id` INT NOT NULL AUTO_INCREMENT,
  `parent_user_id` INT NOT NULL,
  `event_id` INT NOT NULL,
  `date_time` DATETIME NOT NULL,
  `comments` TEXT NULL,
  PRIMARY KEY (`id`),
  INDEX `fk_report_event1_idx` (`event_id` ASC),
  INDEX `fk_report_parent1_idx` (`parent_user_id` ASC),
  CONSTRAINT `fk_report_event1`
    FOREIGN KEY (`event_id`)
    REFERENCES `play`.`event` (`id`)
    ON DELETE NO ACTION
    ON UPDATE NO ACTION,
  CONSTRAINT `fk_report_parent1`
    FOREIGN KEY (`parent_user_id`)
    REFERENCES `play`.`parent` (`user_id`)
    ON DELETE NO ACTION
    ON UPDATE NO ACTION)
ENGINE = InnoDB;


-- -----------------------------------------------------
-- Table `play`.`administrator`
-- -----------------------------------------------------
DROP TABLE IF EXISTS `play`.`administrator` ;

CREATE TABLE IF NOT EXISTS `play`.`administrator` (
  `user_id` INT NOT NULL,
  `can_approve` TINYINT(1) NOT NULL,
  `can_alter_rights` TINYINT(1) NOT NULL,
  `can_alter_roles` TINYINT(1) NOT NULL,
  PRIMARY KEY (`user_id`),
  CONSTRAINT `fk_administrator_user1`
    FOREIGN KEY (`user_id`)
    REFERENCES `play`.`user` (`id`)
    ON DELETE NO ACTION
    ON UPDATE NO ACTION)
ENGINE = InnoDB;

INSERT INTO role( name)
  VALUES ('administrator');
INSERT INTO role( name)
  VALUES ('parent');
INSERT INTO role( name)
  VALUES ('provider');
SET SQL_MODE=@OLD_SQL_MODE;
SET FOREIGN_KEY_CHECKS=@OLD_FOREIGN_KEY_CHECKS;
SET UNIQUE_CHECKS=@OLD_UNIQUE_CHECKS;


insert into user (id, username, password, email, role_id, is_banned) values (1, 'wgummory0', '$2a$10$z9OMmhirf69zfmpZcR/E9e26CsVAnOV6cBpHftglMBL/S9AHuTBK6', 'smulder0@woothemes.com', 2, 0);
insert into user (id, username, password, email, role_id, is_banned) values (2, 'nearl1', '$2a$10$z9OMmhirf69zfmpZcR/E9e26CsVAnOV6cBpHftglMBL/S9AHuTBK6', 'ebrinsford1@tinypic.com', 2, 0);
insert into user (id, username, password, email, role_id, is_banned) values (3, 'ciskowicz2', '$2a$10$z9OMmhirf69zfmpZcR/E9e26CsVAnOV6cBpHftglMBL/S9AHuTBK6', 'kbeach2@reuters.com', 2, 0);
insert into user (id, username, password, email, role_id, is_banned) values (4, 'lholme3', '$2a$10$z9OMmhirf69zfmpZcR/E9e26CsVAnOV6cBpHftglMBL/S9AHuTBK6', 'sdyke3@fotki.com', 2, 0);
insert into user (id, username, password, email, role_id, is_banned) values (5, 'eelvins4', '$2a$10$z9OMmhirf69zfmpZcR/E9e26CsVAnOV6cBpHftglMBL/S9AHuTBK6', 'cjickells4@drupal.org', 3, 0);
insert into user (id, username, password, email, role_id, is_banned) values (6, 'tfolbige5', '$2a$10$z9OMmhirf69zfmpZcR/E9e26CsVAnOV6cBpHftglMBL/S9AHuTBK6', 'mmcdade5@blog.com', 2, 0);
insert into user (id, username, password, email, role_id, is_banned) values (7, 'gfinch6', '$2a$10$z9OMmhirf69zfmpZcR/E9e26CsVAnOV6cBpHftglMBL/S9AHuTBK6', 'moconcannon6@lycos.com', 2, 0);
insert into user (id, username, password, email, role_id, is_banned) values (8, 'poxlee7', '$2a$10$z9OMmhirf69zfmpZcR/E9e26CsVAnOV6cBpHftglMBL/S9AHuTBK6', 'sdow7@cafepress.com', 2, 0);
insert into user (id, username, password, email, role_id, is_banned) values (9, 'ksaul8', '$2a$10$z9OMmhirf69zfmpZcR/E9e26CsVAnOV6cBpHftglMBL/S9AHuTBK6', 'bhandforth8@ebay.co.uk', 2, 0);
insert into user (id, username, password, email, role_id, is_banned) values (10, 'cmartinat9', '$2a$10$z9OMmhirf69zfmpZcR/E9e26CsVAnOV6cBpHftglMBL/S9AHuTBK6', 'rtomasz9@jugem.jp', 3, 0);
insert into user (id, username, password, email, role_id, is_banned) values (11, 'gbutterleya', '$2a$10$z9OMmhirf69zfmpZcR/E9e26CsVAnOV6cBpHftglMBL/S9AHuTBK6', 'rcasacciaa@fotki.com', 2, 0);
insert into user (id, username, password, email, role_id, is_banned) values (12, 'sleutyb', '$2a$10$z9OMmhirf69zfmpZcR/E9e26CsVAnOV6cBpHftglMBL/S9AHuTBK6', 'jsigginb@state.tx.us', 2, 0);
insert into user (id, username, password, email, role_id, is_banned) values (13, 'thonackerc', '$2a$10$z9OMmhirf69zfmpZcR/E9e26CsVAnOV6cBpHftglMBL/S9AHuTBK6', 'jwillstropc@macromedia.com', 2, 0);
insert into user (id, username, password, email, role_id, is_banned) values (14, 'rguilbertd', '$2a$10$z9OMmhirf69zfmpZcR/E9e26CsVAnOV6cBpHftglMBL/S9AHuTBK6', 'tmadilld@hp.com', 2, 0);
insert into user (id, username, password, email, role_id, is_banned) values (15, 'svenningse', '$2a$10$z9OMmhirf69zfmpZcR/E9e26CsVAnOV6cBpHftglMBL/S9AHuTBK6', 'dsnellere@lycos.com', 3, 0);
insert into user (id, username, password, email, role_id, is_banned) values (16, 'zbollinif', '$2a$10$z9OMmhirf69zfmpZcR/E9e26CsVAnOV6cBpHftglMBL/S9AHuTBK6', 'fsadlierf@hugedomains.com', 2, 0);
insert into user (id, username, password, email, role_id, is_banned) values (17, 'oferreirag', '$2a$10$z9OMmhirf69zfmpZcR/E9e26CsVAnOV6cBpHftglMBL/S9AHuTBK6', 'vcancelierg@cisco.com', 2, 0);
insert into user (id, username, password, email, role_id, is_banned) values (18, 'atabbitth', '$2a$10$z9OMmhirf69zfmpZcR/E9e26CsVAnOV6cBpHftglMBL/S9AHuTBK6', 'jperigoh@paypal.com', 2, 0);
insert into user (id, username, password, email, role_id, is_banned) values (19, 'fbinfordi', '$2a$10$z9OMmhirf69zfmpZcR/E9e26CsVAnOV6cBpHftglMBL/S9AHuTBK6', 'nmorenoi@alexa.com', 2, 0);
insert into user (id, username, password, email, role_id, is_banned) values (20, 'ggimbartj', '$2a$10$z9OMmhirf69zfmpZcR/E9e26CsVAnOV6cBpHftglMBL/S9AHuTBK6', 'twaterstonej@slideshare.net', 3, 0);
insert into user (id, username, password, email, role_id, is_banned) values (21, 'dcassk', '$2a$10$z9OMmhirf69zfmpZcR/E9e26CsVAnOV6cBpHftglMBL/S9AHuTBK6', 'mstannisk@feedburner.com', 2, 0);
insert into user (id, username, password, email, role_id, is_banned) values (22, 'zbroshl', '$2a$10$z9OMmhirf69zfmpZcR/E9e26CsVAnOV6cBpHftglMBL/S9AHuTBK6', 'chonatschl@fema.gov', 2, 0);
insert into user (id, username, password, email, role_id, is_banned) values (23, 'lparnabym', '$2a$10$z9OMmhirf69zfmpZcR/E9e26CsVAnOV6cBpHftglMBL/S9AHuTBK6', 'sbriddenm@indiegogo.com', 2, 0);
insert into user (id, username, password, email, role_id, is_banned) values (24, 'kyerralln', '$2a$10$z9OMmhirf69zfmpZcR/E9e26CsVAnOV6cBpHftglMBL/S9AHuTBK6', 'fcasseyn@yahoo.com', 2, 0);
insert into user (id, username, password, email, role_id, is_banned) values (25, 'rraymento', '$2a$10$z9OMmhirf69zfmpZcR/E9e26CsVAnOV6cBpHftglMBL/S9AHuTBK6', 'jboyero@pcworld.com', 3, 0);
insert into user (id, username, password, email, role_id, is_banned) values (26, 'rembyp', '$2a$10$z9OMmhirf69zfmpZcR/E9e26CsVAnOV6cBpHftglMBL/S9AHuTBK6', 'playburnp@ucoz.com', 2, 0);
insert into user (id, username, password, email, role_id, is_banned) values (27, 'tlyddenq', '$2a$10$z9OMmhirf69zfmpZcR/E9e26CsVAnOV6cBpHftglMBL/S9AHuTBK6', 'lpurchallq@apache.org', 2, 0);
insert into user (id, username, password, email, role_id, is_banned) values (28, 'lwillowbyr', '$2a$10$z9OMmhirf69zfmpZcR/E9e26CsVAnOV6cBpHftglMBL/S9AHuTBK6', 'lnutbeamr@epa.gov', 2, 0);
insert into user (id, username, password, email, role_id, is_banned) values (29, 'ngregorins', '$2a$10$z9OMmhirf69zfmpZcR/E9e26CsVAnOV6cBpHftglMBL/S9AHuTBK6', 'lspurgins@thetimes.co.uk', 2, 0);
insert into user (id, username, password, email, role_id, is_banned) values (30, 'drupertot', '$2a$10$z9OMmhirf69zfmpZcR/E9e26CsVAnOV6cBpHftglMBL/S9AHuTBK6', 'sprovent@sbwire.com', 3, 0);
insert into user (id, username, password, email, role_id, is_banned) values (31, 'kroastu', '$2a$10$z9OMmhirf69zfmpZcR/E9e26CsVAnOV6cBpHftglMBL/S9AHuTBK6', 'jwenbanu@ycombinator.com', 2, 0);
insert into user (id, username, password, email, role_id, is_banned) values (32, 'bskedgellv', '$2a$10$z9OMmhirf69zfmpZcR/E9e26CsVAnOV6cBpHftglMBL/S9AHuTBK6', 'ncapronv@theglobeandmail.com', 2, 0);
insert into user (id, username, password, email, role_id, is_banned) values (33, 'kcoultardw', '$2a$10$z9OMmhirf69zfmpZcR/E9e26CsVAnOV6cBpHftglMBL/S9AHuTBK6', 'apoynerw@pagesperso-orange.fr', 2, 0);
insert into user (id, username, password, email, role_id, is_banned) values (34, 'rnewburyx', '$2a$10$z9OMmhirf69zfmpZcR/E9e26CsVAnOV6cBpHftglMBL/S9AHuTBK6', 'rwinksx@cafepress.com', 2, 0);
insert into user (id, username, password, email, role_id, is_banned) values (35, 'cgiorginiy', '$2a$10$z9OMmhirf69zfmpZcR/E9e26CsVAnOV6cBpHftglMBL/S9AHuTBK6', 'ahutcheony@auda.org.au', 3, 0);
insert into user (id, username, password, email, role_id, is_banned) values (36, 'mlandesz', '$2a$10$z9OMmhirf69zfmpZcR/E9e26CsVAnOV6cBpHftglMBL/S9AHuTBK6', 'cschneidauz@japanpost.jp', 2, 0);
insert into user (id, username, password, email, role_id, is_banned) values (37, 'dgallimore10', '$2a$10$z9OMmhirf69zfmpZcR/E9e26CsVAnOV6cBpHftglMBL/S9AHuTBK6', 'jbeetham10@java.com', 2, 0);
insert into user (id, username, password, email, role_id, is_banned) values (38, 'ktrevear11', '$2a$10$z9OMmhirf69zfmpZcR/E9e26CsVAnOV6cBpHftglMBL/S9AHuTBK6', 'jmantrup11@home.pl', 2, 0);
insert into user (id, username, password, email, role_id, is_banned) values (39, 'jbraiden12', '$2a$10$z9OMmhirf69zfmpZcR/E9e26CsVAnOV6cBpHftglMBL/S9AHuTBK6', 'zscotts12@aboutads.info', 2, 0);
insert into user (id, username, password, email, role_id, is_banned) values (40, 'aalcock13', '$2a$10$z9OMmhirf69zfmpZcR/E9e26CsVAnOV6cBpHftglMBL/S9AHuTBK6', 'jlabrone13@chron.com', 3, 0);
insert into user (id, username, password, email, role_id, is_banned) values (41, 'hforster14', '$2a$10$z9OMmhirf69zfmpZcR/E9e26CsVAnOV6cBpHftglMBL/S9AHuTBK6', 'kdrackford14@networksolutions.com', 2, 0);
insert into user (id, username, password, email, role_id, is_banned) values (42, 'ablackadder15', '$2a$10$z9OMmhirf69zfmpZcR/E9e26CsVAnOV6cBpHftglMBL/S9AHuTBK6', 'barnaldy15@ftc.gov', 2, 0);
insert into user (id, username, password, email, role_id, is_banned) values (43, 'apablo16', '$2a$10$z9OMmhirf69zfmpZcR/E9e26CsVAnOV6cBpHftglMBL/S9AHuTBK6', 'ythorby16@creativecommons.org', 2, 0);
insert into user (id, username, password, email, role_id, is_banned) values (44, 'rgrint17', '$2a$10$z9OMmhirf69zfmpZcR/E9e26CsVAnOV6cBpHftglMBL/S9AHuTBK6', 'sarkill17@paypal.com', 2, 0);
insert into user (id, username, password, email, role_id, is_banned) values (45, 'ndiament18', '$2a$10$z9OMmhirf69zfmpZcR/E9e26CsVAnOV6cBpHftglMBL/S9AHuTBK6', 'nsivess18@addtoany.com', 3, 0);
insert into user (id, username, password, email, role_id, is_banned) values (46, 'cmatanin19', '$2a$10$z9OMmhirf69zfmpZcR/E9e26CsVAnOV6cBpHftglMBL/S9AHuTBK6', 'crosindill19@altervista.org', 2, 0);
insert into user (id, username, password, email, role_id, is_banned) values (47, 'asteuhlmeyer1a', '$2a$10$z9OMmhirf69zfmpZcR/E9e26CsVAnOV6cBpHftglMBL/S9AHuTBK6', 'vstebbin1a@msn.com', 2, 0);
insert into user (id, username, password, email, role_id, is_banned) values (48, 'gadamsson1b', '$2a$10$z9OMmhirf69zfmpZcR/E9e26CsVAnOV6cBpHftglMBL/S9AHuTBK6', 'cdrage1b@arstechnica.com', 2, 0);
insert into user (id, username, password, email, role_id, is_banned) values (49, 'rottewell1c', '$2a$10$z9OMmhirf69zfmpZcR/E9e26CsVAnOV6cBpHftglMBL/S9AHuTBK6', 'uwestney1c@ed.gov', 2, 0);
insert into user (id, username, password, email, role_id, is_banned) values (50, 'rivanenkov1d', '$2a$10$z9OMmhirf69zfmpZcR/E9e26CsVAnOV6cBpHftglMBL/S9AHuTBK6', 'dred1d@hostgator.com', 3, 0);
insert into user (id, username, password, email, role_id, is_banned) values (51, 'lyokley1e', '$2a$10$z9OMmhirf69zfmpZcR/E9e26CsVAnOV6cBpHftglMBL/S9AHuTBK6', 'binker1e@barnesandnoble.com', 2, 0);
insert into user (id, username, password, email, role_id, is_banned) values (52, 'rkasbye1f', '$2a$10$z9OMmhirf69zfmpZcR/E9e26CsVAnOV6cBpHftglMBL/S9AHuTBK6', 'utallyn1f@flickr.com', 2, 0);
insert into user (id, username, password, email, role_id, is_banned) values (53, 'abradder1g', '$2a$10$z9OMmhirf69zfmpZcR/E9e26CsVAnOV6cBpHftglMBL/S9AHuTBK6', 'mrothwell1g@163.com', 2, 0);
insert into user (id, username, password, email, role_id, is_banned) values (54, 'jjagielski1h', '$2a$10$z9OMmhirf69zfmpZcR/E9e26CsVAnOV6cBpHftglMBL/S9AHuTBK6', 'adeambrosis1h@nationalgeographic.com', 2, 0);
insert into user (id, username, password, email, role_id, is_banned) values (55, 'cvalance1i', '$2a$10$z9OMmhirf69zfmpZcR/E9e26CsVAnOV6cBpHftglMBL/S9AHuTBK6', 'apowdrell1i@intel.com', 3, 0);
insert into user (id, username, password, email, role_id, is_banned) values (56, 'djost1j', '$2a$10$z9OMmhirf69zfmpZcR/E9e26CsVAnOV6cBpHftglMBL/S9AHuTBK6', 'aaggas1j@mediafire.com', 2, 0);
insert into user (id, username, password, email, role_id, is_banned) values (57, 'amichelotti1k', '$2a$10$z9OMmhirf69zfmpZcR/E9e26CsVAnOV6cBpHftglMBL/S9AHuTBK6', 'dkennsley1k@sogou.com', 2, 0);
insert into user (id, username, password, email, role_id, is_banned) values (58, 'joades1l', '$2a$10$z9OMmhirf69zfmpZcR/E9e26CsVAnOV6cBpHftglMBL/S9AHuTBK6', 'cmars1l@usnews.com', 2, 0);
insert into user (id, username, password, email, role_id, is_banned) values (59, 'lpettendrich1m', '$2a$10$z9OMmhirf69zfmpZcR/E9e26CsVAnOV6cBpHftglMBL/S9AHuTBK6', 'gpottle1m@cdbaby.com', 2, 0);
insert into user (id, username, password, email, role_id, is_banned) values (60, 'pbliss1n', '$2a$10$z9OMmhirf69zfmpZcR/E9e26CsVAnOV6cBpHftglMBL/S9AHuTBK6', 'nmacconnel1n@sourceforge.net', 3, 0);
insert into user (id, username, password, email, role_id, is_banned) values (61, 'hdelgua1o', '$2a$10$z9OMmhirf69zfmpZcR/E9e26CsVAnOV6cBpHftglMBL/S9AHuTBK6', 'audall1o@europa.eu', 2, 0);
insert into user (id, username, password, email, role_id, is_banned) values (62, 'toultram1p', '$2a$10$z9OMmhirf69zfmpZcR/E9e26CsVAnOV6cBpHftglMBL/S9AHuTBK6', 'schatters1p@scientificamerican.com', 2, 0);
insert into user (id, username, password, email, role_id, is_banned) values (63, 'aguerrazzi1q', '$2a$10$z9OMmhirf69zfmpZcR/E9e26CsVAnOV6cBpHftglMBL/S9AHuTBK6', 'mjanway1q@rambler.ru', 2, 0);
insert into user (id, username, password, email, role_id, is_banned) values (64, 'dcahani1r', '$2a$10$z9OMmhirf69zfmpZcR/E9e26CsVAnOV6cBpHftglMBL/S9AHuTBK6', 'bcaps1r@wikispaces.com', 2, 0);
insert into user (id, username, password, email, role_id, is_banned) values (65, 'hmayger1s', '$2a$10$z9OMmhirf69zfmpZcR/E9e26CsVAnOV6cBpHftglMBL/S9AHuTBK6', 'gstquentin1s@usa.gov', 3, 0);
insert into user (id, username, password, email, role_id, is_banned) values (66, 'cbapty1t', '$2a$10$z9OMmhirf69zfmpZcR/E9e26CsVAnOV6cBpHftglMBL/S9AHuTBK6', 'adowber1t@ovh.net', 2, 0);
insert into user (id, username, password, email, role_id, is_banned) values (67, 'kchaplin1u', '$2a$10$z9OMmhirf69zfmpZcR/E9e26CsVAnOV6cBpHftglMBL/S9AHuTBK6', 'mby1u@earthlink.net', 2, 0);
insert into user (id, username, password, email, role_id, is_banned) values (68, 'mskells1v', '$2a$10$z9OMmhirf69zfmpZcR/E9e26CsVAnOV6cBpHftglMBL/S9AHuTBK6', 'adenty1v@toplist.cz', 2, 0);
insert into user (id, username, password, email, role_id, is_banned) values (69, 'alosselyong1w', '$2a$10$z9OMmhirf69zfmpZcR/E9e26CsVAnOV6cBpHftglMBL/S9AHuTBK6', 'ccaps1w@reverbnation.com', 2, 0);
insert into user (id, username, password, email, role_id, is_banned) values (70, 'ukeneforde1x', '$2a$10$z9OMmhirf69zfmpZcR/E9e26CsVAnOV6cBpHftglMBL/S9AHuTBK6', 'croyston1x@scientificamerican.com', 3, 0);
insert into user (id, username, password, email, role_id, is_banned) values (71, 'flemm1y', '$2a$10$z9OMmhirf69zfmpZcR/E9e26CsVAnOV6cBpHftglMBL/S9AHuTBK6', 'bwicks1y@liveinternet.ru', 2, 0);
insert into user (id, username, password, email, role_id, is_banned) values (72, 'kriddington1z', '$2a$10$z9OMmhirf69zfmpZcR/E9e26CsVAnOV6cBpHftglMBL/S9AHuTBK6', 'godonovan1z@ustream.tv', 2, 0);
insert into user (id, username, password, email, role_id, is_banned) values (73, 'lverma20', '$2a$10$z9OMmhirf69zfmpZcR/E9e26CsVAnOV6cBpHftglMBL/S9AHuTBK6', 'mpavinese20@amazon.co.jp', 2, 0);
insert into user (id, username, password, email, role_id, is_banned) values (74, 'aenston21', '$2a$10$z9OMmhirf69zfmpZcR/E9e26CsVAnOV6cBpHftglMBL/S9AHuTBK6', 'skilliner21@china.com.cn', 2, 0);
insert into user (id, username, password, email, role_id, is_banned) values (75, 'emcgillecole22', '$2a$10$z9OMmhirf69zfmpZcR/E9e26CsVAnOV6cBpHftglMBL/S9AHuTBK6', 'lbassom22@aboutads.info', 3, 0);
insert into user (id, username, password, email, role_id, is_banned) values (76, 'mforster23', '$2a$10$z9OMmhirf69zfmpZcR/E9e26CsVAnOV6cBpHftglMBL/S9AHuTBK6', 'gweich23@topsy.com', 2, 0);
insert into user (id, username, password, email, role_id, is_banned) values (77, 'elartice24', '$2a$10$z9OMmhirf69zfmpZcR/E9e26CsVAnOV6cBpHftglMBL/S9AHuTBK6', 'koller24@ca.gov', 2, 0);
insert into user (id, username, password, email, role_id, is_banned) values (78, 'htynemouth25', '$2a$10$z9OMmhirf69zfmpZcR/E9e26CsVAnOV6cBpHftglMBL/S9AHuTBK6', 'aullock25@bloglines.com', 2, 0);
insert into user (id, username, password, email, role_id, is_banned) values (79, 'yhartegan26', '$2a$10$z9OMmhirf69zfmpZcR/E9e26CsVAnOV6cBpHftglMBL/S9AHuTBK6', 'whallworth26@topsy.com', 2, 0);
insert into user (id, username, password, email, role_id, is_banned) values (80, 'bhallas27', '$2a$10$z9OMmhirf69zfmpZcR/E9e26CsVAnOV6cBpHftglMBL/S9AHuTBK6', 'mrook27@google.com', 3, 0);
insert into user (id, username, password, email, role_id, is_banned) values (81, 'wdignan28', '$2a$10$z9OMmhirf69zfmpZcR/E9e26CsVAnOV6cBpHftglMBL/S9AHuTBK6', 'smuldowney28@ycombinator.com', 2, 0);
insert into user (id, username, password, email, role_id, is_banned) values (82, 'cklimkovich29', '$2a$10$z9OMmhirf69zfmpZcR/E9e26CsVAnOV6cBpHftglMBL/S9AHuTBK6', 'lcandlish29@surveymonkey.com', 2, 0);
insert into user (id, username, password, email, role_id, is_banned) values (83, 'vdymick2a', '$2a$10$z9OMmhirf69zfmpZcR/E9e26CsVAnOV6cBpHftglMBL/S9AHuTBK6', 'nmulliss2a@ted.com', 2, 0);
insert into user (id, username, password, email, role_id, is_banned) values (84, 'rmidgely2b', '$2a$10$z9OMmhirf69zfmpZcR/E9e26CsVAnOV6cBpHftglMBL/S9AHuTBK6', 'froxby2b@smugmug.com', 2, 0);
insert into user (id, username, password, email, role_id, is_banned) values (85, 'qcoppen2c', '$2a$10$z9OMmhirf69zfmpZcR/E9e26CsVAnOV6cBpHftglMBL/S9AHuTBK6', 'lpragnall2c@fotki.com', 3, 0);
insert into user (id, username, password, email, role_id, is_banned) values (86, 'dmucklow2d', '$2a$10$z9OMmhirf69zfmpZcR/E9e26CsVAnOV6cBpHftglMBL/S9AHuTBK6', 'bedowes2d@example.com', 2, 0);
insert into user (id, username, password, email, role_id, is_banned) values (87, 'gpachmann2e', '$2a$10$z9OMmhirf69zfmpZcR/E9e26CsVAnOV6cBpHftglMBL/S9AHuTBK6', 'hcasarini2e@wikipedia.org', 2, 0);
insert into user (id, username, password, email, role_id, is_banned) values (88, 'ctack2f', '$2a$10$z9OMmhirf69zfmpZcR/E9e26CsVAnOV6cBpHftglMBL/S9AHuTBK6', 'cfarrey2f@nyu.edu', 2, 0);
insert into user (id, username, password, email, role_id, is_banned) values (89, 'mturneaux2g', '$2a$10$z9OMmhirf69zfmpZcR/E9e26CsVAnOV6cBpHftglMBL/S9AHuTBK6', 'rfuzzey2g@acquirethisname.com', 2, 0);
insert into user (id, username, password, email, role_id, is_banned) values (90, 'ajoyce2h', '$2a$10$z9OMmhirf69zfmpZcR/E9e26CsVAnOV6cBpHftglMBL/S9AHuTBK6', 'scarleton2h@cbc.ca', 3, 0);
insert into user (id, username, password, email, role_id, is_banned) values (91, 'dbaumford2i', '$2a$10$z9OMmhirf69zfmpZcR/E9e26CsVAnOV6cBpHftglMBL/S9AHuTBK6', 'bchristophe2i@hatena.ne.jp', 2, 0);
insert into user (id, username, password, email, role_id, is_banned) values (92, 'athrasher2j', '$2a$10$z9OMmhirf69zfmpZcR/E9e26CsVAnOV6cBpHftglMBL/S9AHuTBK6', 'cbrach2j@microsoft.com', 2, 0);
insert into user (id, username, password, email, role_id, is_banned) values (93, 'acorbishley2k', '$2a$10$z9OMmhirf69zfmpZcR/E9e26CsVAnOV6cBpHftglMBL/S9AHuTBK6', 'cstocker2k@sitemeter.com', 2, 0);
insert into user (id, username, password, email, role_id, is_banned) values (94, 'jjayes2l', '$2a$10$z9OMmhirf69zfmpZcR/E9e26CsVAnOV6cBpHftglMBL/S9AHuTBK6', 'rhamon2l@bizjournals.com', 2, 0);
insert into user (id, username, password, email, role_id, is_banned) values (95, 'twhall2m', '$2a$10$z9OMmhirf69zfmpZcR/E9e26CsVAnOV6cBpHftglMBL/S9AHuTBK6', 'ydietsche2m@mail.ru', 3, 0);
insert into user (id, username, password, email, role_id, is_banned) values (96, 'aalps2n', '$2a$10$z9OMmhirf69zfmpZcR/E9e26CsVAnOV6cBpHftglMBL/S9AHuTBK6', 'cmonteath2n@discuz.net', 2, 0);
insert into user (id, username, password, email, role_id, is_banned) values (97, 'dfallanche2o', '$2a$10$z9OMmhirf69zfmpZcR/E9e26CsVAnOV6cBpHftglMBL/S9AHuTBK6', 'dbigby2o@smugmug.com', 2, 0);
insert into user (id, username, password, email, role_id, is_banned) values (98, 'cgooding2p', '$2a$10$z9OMmhirf69zfmpZcR/E9e26CsVAnOV6cBpHftglMBL/S9AHuTBK6', 'ecothey2p@altervista.org', 2, 0);
insert into user (id, username, password, email, role_id, is_banned) values (99, 'imardee2q', '$2a$10$z9OMmhirf69zfmpZcR/E9e26CsVAnOV6cBpHftglMBL/S9AHuTBK6', 'lmulchrone2q@acquirethisname.com', 2, 0);
insert into user (id, username, password, email, role_id, is_banned) values (100, 'wbuffery2r', '$2a$10$z9OMmhirf69zfmpZcR/E9e26CsVAnOV6cBpHftglMBL/S9AHuTBK6', 'cbairstow2r@about.com', 3, 0);
insert into user (id, username, password, email, role_id, is_banned) values (101, 'jlandor2s', '$2a$10$z9OMmhirf69zfmpZcR/E9e26CsVAnOV6cBpHftglMBL/S9AHuTBK6', 'zrait2s@fastcompany.com', 2, 0);
insert into user (id, username, password, email, role_id, is_banned) values (102, 'smedwell2t', '$2a$10$z9OMmhirf69zfmpZcR/E9e26CsVAnOV6cBpHftglMBL/S9AHuTBK6', 'sseals2t@example.com', 2, 0);
insert into user (id, username, password, email, role_id, is_banned) values (103, 'aderdes2u', '$2a$10$z9OMmhirf69zfmpZcR/E9e26CsVAnOV6cBpHftglMBL/S9AHuTBK6', 'mtoye2u@g.co', 2, 0);
insert into user (id, username, password, email, role_id, is_banned) values (104, 'jathow2v', '$2a$10$z9OMmhirf69zfmpZcR/E9e26CsVAnOV6cBpHftglMBL/S9AHuTBK6', 'bdolan2v@dot.gov', 2, 0);
insert into user (id, username, password, email, role_id, is_banned) values (105, 'ajaeggi2w', '$2a$10$z9OMmhirf69zfmpZcR/E9e26CsVAnOV6cBpHftglMBL/S9AHuTBK6', 'phesey2w@dion.ne.jp', 3, 0);
insert into user (id, username, password, email, role_id, is_banned) values (106, 'alesslie2x', '$2a$10$z9OMmhirf69zfmpZcR/E9e26CsVAnOV6cBpHftglMBL/S9AHuTBK6', 'cgroger2x@diigo.com', 2, 0);
insert into user (id, username, password, email, role_id, is_banned) values (107, 'grubertelli2y', '$2a$10$z9OMmhirf69zfmpZcR/E9e26CsVAnOV6cBpHftglMBL/S9AHuTBK6', 'kbaynon2y@opensource.org', 2, 0);
insert into user (id, username, password, email, role_id, is_banned) values (108, 'smolian2z', '$2a$10$z9OMmhirf69zfmpZcR/E9e26CsVAnOV6cBpHftglMBL/S9AHuTBK6', 'vaizkovitch2z@army.mil', 2, 0);
insert into user (id, username, password, email, role_id, is_banned) values (109, 'dbolletti30', '$2a$10$z9OMmhirf69zfmpZcR/E9e26CsVAnOV6cBpHftglMBL/S9AHuTBK6', 'tfinn30@apache.org', 2, 0);
insert into user (id, username, password, email, role_id, is_banned) values (110, 'dnorquay31', '$2a$10$z9OMmhirf69zfmpZcR/E9e26CsVAnOV6cBpHftglMBL/S9AHuTBK6', 'dbeyer31@guardian.co.uk', 3, 0);
insert into user (id, username, password, email, role_id, is_banned) values (111, 'econing32', '$2a$10$z9OMmhirf69zfmpZcR/E9e26CsVAnOV6cBpHftglMBL/S9AHuTBK6', 'ogabitis32@examiner.com', 2, 0);
insert into user (id, username, password, email, role_id, is_banned) values (112, 'mlowden33', '$2a$10$z9OMmhirf69zfmpZcR/E9e26CsVAnOV6cBpHftglMBL/S9AHuTBK6', 'jherrema33@google.fr', 2, 0);
insert into user (id, username, password, email, role_id, is_banned) values (113, 'amoylane34', '$2a$10$z9OMmhirf69zfmpZcR/E9e26CsVAnOV6cBpHftglMBL/S9AHuTBK6', 'obarrim34@google.com.hk', 2, 0);
insert into user (id, username, password, email, role_id, is_banned) values (114, 'dmapplethorpe35', '$2a$10$z9OMmhirf69zfmpZcR/E9e26CsVAnOV6cBpHftglMBL/S9AHuTBK6', 'afollin35@google.co.uk', 2, 0);
insert into user (id, username, password, email, role_id, is_banned) values (115, 'jmacnockater36', '$2a$10$z9OMmhirf69zfmpZcR/E9e26CsVAnOV6cBpHftglMBL/S9AHuTBK6', 'agewer36@cbslocal.com', 3, 0);
insert into user (id, username, password, email, role_id, is_banned) values (116, 'adreossi37', '$2a$10$z9OMmhirf69zfmpZcR/E9e26CsVAnOV6cBpHftglMBL/S9AHuTBK6', 'igeach37@free.fr', 2, 0);
insert into user (id, username, password, email, role_id, is_banned) values (117, 'ghurl38', '$2a$10$z9OMmhirf69zfmpZcR/E9e26CsVAnOV6cBpHftglMBL/S9AHuTBK6', 'vflanner38@time.com', 2, 0);
insert into user (id, username, password, email, role_id, is_banned) values (118, 'jantoniou39', '$2a$10$z9OMmhirf69zfmpZcR/E9e26CsVAnOV6cBpHftglMBL/S9AHuTBK6', 'coakland39@army.mil', 2, 0);
insert into user (id, username, password, email, role_id, is_banned) values (119, 'jcattenach3a', '$2a$10$z9OMmhirf69zfmpZcR/E9e26CsVAnOV6cBpHftglMBL/S9AHuTBK6', 'skilbey3a@spotify.com', 2, 0);
insert into user (id, username, password, email, role_id, is_banned) values (120, 'bashworth3b', '$2a$10$z9OMmhirf69zfmpZcR/E9e26CsVAnOV6cBpHftglMBL/S9AHuTBK6', 'wsummerhayes3b@blogger.com', 3, 0);
insert into user (id, username, password, email, role_id, is_banned) values (121, 'ahughes3c', '$2a$10$z9OMmhirf69zfmpZcR/E9e26CsVAnOV6cBpHftglMBL/S9AHuTBK6', 'vmacallaster3c@abc.net.au', 2, 0);
insert into user (id, username, password, email, role_id, is_banned) values (122, 'kcherry3d', '$2a$10$z9OMmhirf69zfmpZcR/E9e26CsVAnOV6cBpHftglMBL/S9AHuTBK6', 'nbinder3d@bigcartel.com', 2, 0);
insert into user (id, username, password, email, role_id, is_banned) values (123, 'braleston3e', '$2a$10$z9OMmhirf69zfmpZcR/E9e26CsVAnOV6cBpHftglMBL/S9AHuTBK6', 'sdunne3e@senate.gov', 2, 0);
insert into user (id, username, password, email, role_id, is_banned) values (124, 'dattril3f', '$2a$10$z9OMmhirf69zfmpZcR/E9e26CsVAnOV6cBpHftglMBL/S9AHuTBK6', 'gkingsnode3f@slideshare.net', 2, 0);
insert into user (id, username, password, email, role_id, is_banned) values (125, 'tdaniele3g', '$2a$10$z9OMmhirf69zfmpZcR/E9e26CsVAnOV6cBpHftglMBL/S9AHuTBK6', 'bsmalridge3g@youtu.be', 3, 0);
insert into user (id, username, password, email, role_id, is_banned) values (126, 'gvesco3h', '$2a$10$z9OMmhirf69zfmpZcR/E9e26CsVAnOV6cBpHftglMBL/S9AHuTBK6', 'ndell3h@godaddy.com', 2, 0);
insert into user (id, username, password, email, role_id, is_banned) values (127, 'hgebuhr3i', '$2a$10$z9OMmhirf69zfmpZcR/E9e26CsVAnOV6cBpHftglMBL/S9AHuTBK6', 'gshipway3i@infoseek.co.jp', 2, 0);
insert into user (id, username, password, email, role_id, is_banned) values (128, 'dfilchagin3j', '$2a$10$z9OMmhirf69zfmpZcR/E9e26CsVAnOV6cBpHftglMBL/S9AHuTBK6', 'esibylla3j@zdnet.com', 2, 0);
insert into user (id, username, password, email, role_id, is_banned) values (129, 'crao3k', '$2a$10$z9OMmhirf69zfmpZcR/E9e26CsVAnOV6cBpHftglMBL/S9AHuTBK6', 'kyearnsley3k@yahoo.co.jp', 2, 0);
insert into user (id, username, password, email, role_id, is_banned) values (130, 'ltunbridge3l', '$2a$10$z9OMmhirf69zfmpZcR/E9e26CsVAnOV6cBpHftglMBL/S9AHuTBK6', 'eloch3l@weebly.com', 3, 0);
insert into user (id, username, password, email, role_id, is_banned) values (131, 'agathwaite3m', '$2a$10$z9OMmhirf69zfmpZcR/E9e26CsVAnOV6cBpHftglMBL/S9AHuTBK6', 'cbianco3m@unblog.fr', 2, 0);
insert into user (id, username, password, email, role_id, is_banned) values (132, 'rakaster3n', '$2a$10$z9OMmhirf69zfmpZcR/E9e26CsVAnOV6cBpHftglMBL/S9AHuTBK6', 'edallison3n@dagondesign.com', 2, 0);
insert into user (id, username, password, email, role_id, is_banned) values (133, 'nnockles3o', '$2a$10$z9OMmhirf69zfmpZcR/E9e26CsVAnOV6cBpHftglMBL/S9AHuTBK6', 'cpawlik3o@freewebs.com', 2, 0);
insert into user (id, username, password, email, role_id, is_banned) values (134, 'fmantripp3p', '$2a$10$z9OMmhirf69zfmpZcR/E9e26CsVAnOV6cBpHftglMBL/S9AHuTBK6', 'scoe3p@wired.com', 2, 0);
insert into user (id, username, password, email, role_id, is_banned) values (135, 'ccharlot3q', '$2a$10$z9OMmhirf69zfmpZcR/E9e26CsVAnOV6cBpHftglMBL/S9AHuTBK6', 'chazelhurst3q@shop-pro.jp', 3, 0);
insert into user (id, username, password, email, role_id, is_banned) values (136, 'dkilfether3r', '$2a$10$z9OMmhirf69zfmpZcR/E9e26CsVAnOV6cBpHftglMBL/S9AHuTBK6', 'twylie3r@soup.io', 2, 0);
insert into user (id, username, password, email, role_id, is_banned) values (137, 'mklimmek3s', '$2a$10$z9OMmhirf69zfmpZcR/E9e26CsVAnOV6cBpHftglMBL/S9AHuTBK6', 'lmeller3s@usa.gov', 2, 0);
insert into user (id, username, password, email, role_id, is_banned) values (138, 'tyukhov3t', '$2a$10$z9OMmhirf69zfmpZcR/E9e26CsVAnOV6cBpHftglMBL/S9AHuTBK6', 'anorthcote3t@mit.edu', 2, 0);
insert into user (id, username, password, email, role_id, is_banned) values (139, 'ecoffey3u', '$2a$10$z9OMmhirf69zfmpZcR/E9e26CsVAnOV6cBpHftglMBL/S9AHuTBK6', 'epalay3u@answers.com', 2, 0);
insert into user (id, username, password, email, role_id, is_banned) values (140, 'bperelli3v', '$2a$10$z9OMmhirf69zfmpZcR/E9e26CsVAnOV6cBpHftglMBL/S9AHuTBK6', 'cpetrushka3v@jiathis.com', 3, 0);
insert into user (id, username, password, email, role_id, is_banned) values (141, 'ncheetham3w', '$2a$10$z9OMmhirf69zfmpZcR/E9e26CsVAnOV6cBpHftglMBL/S9AHuTBK6', 'zswafford3w@t.co', 2, 0);
insert into user (id, username, password, email, role_id, is_banned) values (142, 'rattenbrough3x', '$2a$10$z9OMmhirf69zfmpZcR/E9e26CsVAnOV6cBpHftglMBL/S9AHuTBK6', 'moen3x@msn.com', 2, 0);
insert into user (id, username, password, email, role_id, is_banned) values (143, 'acorden3y', '$2a$10$z9OMmhirf69zfmpZcR/E9e26CsVAnOV6cBpHftglMBL/S9AHuTBK6', 'cmontilla3y@theatlantic.com', 2, 0);
insert into user (id, username, password, email, role_id, is_banned) values (144, 'idewerson3z', '$2a$10$z9OMmhirf69zfmpZcR/E9e26CsVAnOV6cBpHftglMBL/S9AHuTBK6', 'jcrosher3z@uol.com.br', 2, 0);
insert into user (id, username, password, email, role_id, is_banned) values (145, 'jmacvey40', '$2a$10$z9OMmhirf69zfmpZcR/E9e26CsVAnOV6cBpHftglMBL/S9AHuTBK6', 'lcardenas40@pen.io', 3, 0);
insert into user (id, username, password, email, role_id, is_banned) values (146, 'gclulee41', '$2a$10$z9OMmhirf69zfmpZcR/E9e26CsVAnOV6cBpHftglMBL/S9AHuTBK6', 'dbateson41@gizmodo.com', 2, 0);
insert into user (id, username, password, email, role_id, is_banned) values (147, 'abertram42', '$2a$10$z9OMmhirf69zfmpZcR/E9e26CsVAnOV6cBpHftglMBL/S9AHuTBK6', 'abartosik42@foxnews.com', 2, 0);
insert into user (id, username, password, email, role_id, is_banned) values (148, 'lbertouloume43', '$2a$10$z9OMmhirf69zfmpZcR/E9e26CsVAnOV6cBpHftglMBL/S9AHuTBK6', 'dbigley43@forbes.com', 2, 0);
insert into user (id, username, password, email, role_id, is_banned) values (149, 'kbielfeldt44', '$2a$10$z9OMmhirf69zfmpZcR/E9e26CsVAnOV6cBpHftglMBL/S9AHuTBK6', 'cgerber44@reuters.com', 2, 0);
insert into user (id, username, password, email, role_id, is_banned) values (150, 'astarr45', '$2a$10$z9OMmhirf69zfmpZcR/E9e26CsVAnOV6cBpHftglMBL/S9AHuTBK6', 'efortman45@paginegialle.it', 3, 0);
insert into user (id, username, password, email, role_id, is_banned) values (151, 'cwalklot46', '$2a$10$z9OMmhirf69zfmpZcR/E9e26CsVAnOV6cBpHftglMBL/S9AHuTBK6', 'fkidman46@seesaa.net', 2, 0);
insert into user (id, username, password, email, role_id, is_banned) values (152, 'gslyde47', '$2a$10$z9OMmhirf69zfmpZcR/E9e26CsVAnOV6cBpHftglMBL/S9AHuTBK6', 'amoncaster47@t.co', 2, 0);
insert into user (id, username, password, email, role_id, is_banned) values (153, 'ddavsley48', '$2a$10$z9OMmhirf69zfmpZcR/E9e26CsVAnOV6cBpHftglMBL/S9AHuTBK6', 'lhuncoot48@lulu.com', 2, 0);
insert into user (id, username, password, email, role_id, is_banned) values (154, 'mfawdrey49', '$2a$10$z9OMmhirf69zfmpZcR/E9e26CsVAnOV6cBpHftglMBL/S9AHuTBK6', 'tdanielsen49@edublogs.org', 2, 0);
insert into user (id, username, password, email, role_id, is_banned) values (155, 'atombs4a', '$2a$10$z9OMmhirf69zfmpZcR/E9e26CsVAnOV6cBpHftglMBL/S9AHuTBK6', 'bwrightim4a@moonfruit.com', 3, 0);
insert into user (id, username, password, email, role_id, is_banned) values (156, 'fyashanov4b', '$2a$10$z9OMmhirf69zfmpZcR/E9e26CsVAnOV6cBpHftglMBL/S9AHuTBK6', 'ylulham4b@clickbank.net', 2, 0);
insert into user (id, username, password, email, role_id, is_banned) values (157, 'rnelhams4c', '$2a$10$z9OMmhirf69zfmpZcR/E9e26CsVAnOV6cBpHftglMBL/S9AHuTBK6', 'dnavarre4c@php.net', 2, 0);
insert into user (id, username, password, email, role_id, is_banned) values (158, 'fbickle4d', '$2a$10$z9OMmhirf69zfmpZcR/E9e26CsVAnOV6cBpHftglMBL/S9AHuTBK6', 'hlindenboim4d@clickbank.net', 2, 0);
insert into user (id, username, password, email, role_id, is_banned) values (159, 'rorris4e', '$2a$10$z9OMmhirf69zfmpZcR/E9e26CsVAnOV6cBpHftglMBL/S9AHuTBK6', 'ifordham4e@google.com.hk', 2, 0);
insert into user (id, username, password, email, role_id, is_banned) values (160, 'jsievewright4f', '$2a$10$z9OMmhirf69zfmpZcR/E9e26CsVAnOV6cBpHftglMBL/S9AHuTBK6', 'jgoodbur4f@nytimes.com', 3, 0);
insert into user (id, username, password, email, role_id, is_banned) values (161, 'cyerill4g', '$2a$10$z9OMmhirf69zfmpZcR/E9e26CsVAnOV6cBpHftglMBL/S9AHuTBK6', 'ncapenor4g@ehow.com', 2, 0);
insert into user (id, username, password, email, role_id, is_banned) values (162, 'cluckcock4h', '$2a$10$z9OMmhirf69zfmpZcR/E9e26CsVAnOV6cBpHftglMBL/S9AHuTBK6', 'skrystek4h@sun.com', 2, 0);
insert into user (id, username, password, email, role_id, is_banned) values (163, 'jsnepp4i', '$2a$10$z9OMmhirf69zfmpZcR/E9e26CsVAnOV6cBpHftglMBL/S9AHuTBK6', 'tgerbl4i@ocn.ne.jp', 2, 0);
insert into user (id, username, password, email, role_id, is_banned) values (164, 'rcouroy4j', '$2a$10$z9OMmhirf69zfmpZcR/E9e26CsVAnOV6cBpHftglMBL/S9AHuTBK6', 'dgittoes4j@harvard.edu', 2, 0);
insert into user (id, username, password, email, role_id, is_banned) values (165, 'fmoogan4k', '$2a$10$z9OMmhirf69zfmpZcR/E9e26CsVAnOV6cBpHftglMBL/S9AHuTBK6', 'rvaliant4k@51.la', 3, 0);
insert into user (id, username, password, email, role_id, is_banned) values (166, 'egolborne4l', '$2a$10$z9OMmhirf69zfmpZcR/E9e26CsVAnOV6cBpHftglMBL/S9AHuTBK6', 'bhowbrook4l@prlog.org', 2, 0);
insert into user (id, username, password, email, role_id, is_banned) values (167, 'dthurlby4m', '$2a$10$z9OMmhirf69zfmpZcR/E9e26CsVAnOV6cBpHftglMBL/S9AHuTBK6', 'lmainz4m@imageshack.us', 2, 0);
insert into user (id, username, password, email, role_id, is_banned) values (168, 'afryd4n', '$2a$10$z9OMmhirf69zfmpZcR/E9e26CsVAnOV6cBpHftglMBL/S9AHuTBK6', 'arawlingson4n@github.io', 2, 0);
insert into user (id, username, password, email, role_id, is_banned) values (169, 'srexworthy4o', '$2a$10$z9OMmhirf69zfmpZcR/E9e26CsVAnOV6cBpHftglMBL/S9AHuTBK6', 'pgullyes4o@ucla.edu', 2, 0);
insert into user (id, username, password, email, role_id, is_banned) values (170, 'tcabane4p', '$2a$10$z9OMmhirf69zfmpZcR/E9e26CsVAnOV6cBpHftglMBL/S9AHuTBK6', 'jraft4p@who.int', 3, 0);
insert into user (id, username, password, email, role_id, is_banned) values (171, 'rgrindley4q', '$2a$10$z9OMmhirf69zfmpZcR/E9e26CsVAnOV6cBpHftglMBL/S9AHuTBK6', 'pyitzovicz4q@furl.net', 2, 0);
insert into user (id, username, password, email, role_id, is_banned) values (172, 'atritten4r', '$2a$10$z9OMmhirf69zfmpZcR/E9e26CsVAnOV6cBpHftglMBL/S9AHuTBK6', 'vhuerta4r@mapquest.com', 2, 0);
insert into user (id, username, password, email, role_id, is_banned) values (173, 'ehazeldene4s', '$2a$10$z9OMmhirf69zfmpZcR/E9e26CsVAnOV6cBpHftglMBL/S9AHuTBK6', 'ipirazzi4s@gnu.org', 2, 0);
insert into user (id, username, password, email, role_id, is_banned) values (174, 'isisselot4t', '$2a$10$z9OMmhirf69zfmpZcR/E9e26CsVAnOV6cBpHftglMBL/S9AHuTBK6', 'dzarfati4t@4shared.com', 2, 0);
insert into user (id, username, password, email, role_id, is_banned) values (175, 'tproudlove4u', '$2a$10$z9OMmhirf69zfmpZcR/E9e26CsVAnOV6cBpHftglMBL/S9AHuTBK6', 'aharly4u@tiny.cc', 3, 0);
insert into user (id, username, password, email, role_id, is_banned) values (176, 'hspick4v', '$2a$10$z9OMmhirf69zfmpZcR/E9e26CsVAnOV6cBpHftglMBL/S9AHuTBK6', 'deldred4v@yellowbook.com', 2, 0);
insert into user (id, username, password, email, role_id, is_banned) values (177, 'mtheis4w', '$2a$10$z9OMmhirf69zfmpZcR/E9e26CsVAnOV6cBpHftglMBL/S9AHuTBK6', 'cmckall4w@rambler.ru', 2, 0);
insert into user (id, username, password, email, role_id, is_banned) values (178, 'wmalec4x', '$2a$10$z9OMmhirf69zfmpZcR/E9e26CsVAnOV6cBpHftglMBL/S9AHuTBK6', 'gpostins4x@angelfire.com', 2, 0);
insert into user (id, username, password, email, role_id, is_banned) values (179, 'dalpine4y', '$2a$10$z9OMmhirf69zfmpZcR/E9e26CsVAnOV6cBpHftglMBL/S9AHuTBK6', 'hgreenlies4y@cpanel.net', 2, 0);
insert into user (id, username, password, email, role_id, is_banned) values (180, 'lcoopper4z', '$2a$10$z9OMmhirf69zfmpZcR/E9e26CsVAnOV6cBpHftglMBL/S9AHuTBK6', 'iwallman4z@addtoany.com', 3, 0);
insert into user (id, username, password, email, role_id, is_banned) values (181, 'agentle50', '$2a$10$z9OMmhirf69zfmpZcR/E9e26CsVAnOV6cBpHftglMBL/S9AHuTBK6', 'pvaliant50@indiatimes.com', 2, 0);
insert into user (id, username, password, email, role_id, is_banned) values (182, 'esturzaker51', '$2a$10$z9OMmhirf69zfmpZcR/E9e26CsVAnOV6cBpHftglMBL/S9AHuTBK6', 'jhazeldene51@yelp.com', 2, 0);
insert into user (id, username, password, email, role_id, is_banned) values (183, 'aondrich52', '$2a$10$z9OMmhirf69zfmpZcR/E9e26CsVAnOV6cBpHftglMBL/S9AHuTBK6', 'vnorster52@google.nl', 2, 0);
insert into user (id, username, password, email, role_id, is_banned) values (184, 'hbadcock53', '$2a$10$z9OMmhirf69zfmpZcR/E9e26CsVAnOV6cBpHftglMBL/S9AHuTBK6', 'bmullan53@github.com', 2, 0);
insert into user (id, username, password, email, role_id, is_banned) values (185, 'rtabart54', '$2a$10$z9OMmhirf69zfmpZcR/E9e26CsVAnOV6cBpHftglMBL/S9AHuTBK6', 'kroser54@about.me', 3, 0);
insert into user (id, username, password, email, role_id, is_banned) values (186, 'mdewbury55', '$2a$10$z9OMmhirf69zfmpZcR/E9e26CsVAnOV6cBpHftglMBL/S9AHuTBK6', 'gkubec55@odnoklassniki.ru', 2, 0);
insert into user (id, username, password, email, role_id, is_banned) values (187, 'eallam56', '$2a$10$z9OMmhirf69zfmpZcR/E9e26CsVAnOV6cBpHftglMBL/S9AHuTBK6', 'hwilshere56@tinypic.com', 2, 0);
insert into user (id, username, password, email, role_id, is_banned) values (188, 'cmccrory57', '$2a$10$z9OMmhirf69zfmpZcR/E9e26CsVAnOV6cBpHftglMBL/S9AHuTBK6', 'kswepson57@un.org', 2, 0);
insert into user (id, username, password, email, role_id, is_banned) values (189, 'kroarty58', '$2a$10$z9OMmhirf69zfmpZcR/E9e26CsVAnOV6cBpHftglMBL/S9AHuTBK6', 'cdanzey58@posterous.com', 2, 0);
insert into user (id, username, password, email, role_id, is_banned) values (190, 'mmclurg59', '$2a$10$z9OMmhirf69zfmpZcR/E9e26CsVAnOV6cBpHftglMBL/S9AHuTBK6', 'ljaslem59@abc.net.au', 3, 0);
insert into user (id, username, password, email, role_id, is_banned) values (191, 'hblanking5a', '$2a$10$z9OMmhirf69zfmpZcR/E9e26CsVAnOV6cBpHftglMBL/S9AHuTBK6', 'eharnell5a@homestead.com', 2, 0);
insert into user (id, username, password, email, role_id, is_banned) values (192, 'kshee5b', '$2a$10$z9OMmhirf69zfmpZcR/E9e26CsVAnOV6cBpHftglMBL/S9AHuTBK6', 'kcelier5b@comcast.net', 2, 0);
insert into user (id, username, password, email, role_id, is_banned) values (193, 'bhaking5c', '$2a$10$z9OMmhirf69zfmpZcR/E9e26CsVAnOV6cBpHftglMBL/S9AHuTBK6', 'lmilksop5c@businessinsider.com', 2, 0);
insert into user (id, username, password, email, role_id, is_banned) values (194, 'abeggio5d', '$2a$10$z9OMmhirf69zfmpZcR/E9e26CsVAnOV6cBpHftglMBL/S9AHuTBK6', 'swoodwing5d@globo.com', 2, 0);
insert into user (id, username, password, email, role_id, is_banned) values (195, 'vplaskett5e', '$2a$10$z9OMmhirf69zfmpZcR/E9e26CsVAnOV6cBpHftglMBL/S9AHuTBK6', 'icymper5e@guardian.co.uk', 3, 0);
insert into user (id, username, password, email, role_id, is_banned) values (196, 'lotham5f', '$2a$10$z9OMmhirf69zfmpZcR/E9e26CsVAnOV6cBpHftglMBL/S9AHuTBK6', 'tpetasch5f@sciencedirect.com', 2, 0);
insert into user (id, username, password, email, role_id, is_banned) values (197, 'lhaspineall5g', '$2a$10$z9OMmhirf69zfmpZcR/E9e26CsVAnOV6cBpHftglMBL/S9AHuTBK6', 'hkellen5g@wiley.com', 2, 0);
insert into user (id, username, password, email, role_id, is_banned) values (198, 'bbernakiewicz5h', '$2a$10$z9OMmhirf69zfmpZcR/E9e26CsVAnOV6cBpHftglMBL/S9AHuTBK6', 'hrutledge5h@posterous.com', 2, 0);
insert into user (id, username, password, email, role_id, is_banned) values (199, 'rredmayne5i', '$2a$10$z9OMmhirf69zfmpZcR/E9e26CsVAnOV6cBpHftglMBL/S9AHuTBK6', 'eduligal5i@xrea.com', 2, 0);
insert into user (id, username, password, email, role_id, is_banned) values (200, 'rnickless5j', '$2a$10$z9OMmhirf69zfmpZcR/E9e26CsVAnOV6cBpHftglMBL/S9AHuTBK6', 'kevitt5j@ucoz.ru', 3, 0);
insert into user (id, username, password, email, role_id, is_banned) values (201, 'rschelle5k', '$2a$10$z9OMmhirf69zfmpZcR/E9e26CsVAnOV6cBpHftglMBL/S9AHuTBK6', 'emackilroe5k@ebay.co.uk', 2, 0);
insert into user (id, username, password, email, role_id, is_banned) values (202, 'sfeatherby5l', '$2a$10$z9OMmhirf69zfmpZcR/E9e26CsVAnOV6cBpHftglMBL/S9AHuTBK6', 'anairy5l@forbes.com', 2, 0);
insert into user (id, username, password, email, role_id, is_banned) values (203, 'gschrei5m', '$2a$10$z9OMmhirf69zfmpZcR/E9e26CsVAnOV6cBpHftglMBL/S9AHuTBK6', 'cbuddles5m@ebay.com', 2, 0);
insert into user (id, username, password, email, role_id, is_banned) values (204, 'lpietranek5n', '$2a$10$z9OMmhirf69zfmpZcR/E9e26CsVAnOV6cBpHftglMBL/S9AHuTBK6', 'aricco5n@hugedomains.com', 2, 0);
insert into user (id, username, password, email, role_id, is_banned) values (205, 'mbackshall5o', '$2a$10$z9OMmhirf69zfmpZcR/E9e26CsVAnOV6cBpHftglMBL/S9AHuTBK6', 'ascopes5o@apache.org', 3, 0);
insert into user (id, username, password, email, role_id, is_banned) values (206, 'nvella5p', '$2a$10$z9OMmhirf69zfmpZcR/E9e26CsVAnOV6cBpHftglMBL/S9AHuTBK6', 'gvagg5p@clickbank.net', 2, 0);
insert into user (id, username, password, email, role_id, is_banned) values (207, 'hskep5q', '$2a$10$z9OMmhirf69zfmpZcR/E9e26CsVAnOV6cBpHftglMBL/S9AHuTBK6', 'gpregal5q@topsy.com', 2, 0);
insert into user (id, username, password, email, role_id, is_banned) values (208, 'aswinburne5r', '$2a$10$z9OMmhirf69zfmpZcR/E9e26CsVAnOV6cBpHftglMBL/S9AHuTBK6', 'kgillean5r@redcross.org', 2, 0);
insert into user (id, username, password, email, role_id, is_banned) values (209, 'cridpath5s', '$2a$10$z9OMmhirf69zfmpZcR/E9e26CsVAnOV6cBpHftglMBL/S9AHuTBK6', 'molivari5s@mlb.com', 2, 0);
insert into user (id, username, password, email, role_id, is_banned) values (210, 'cvaggs5t', '$2a$10$z9OMmhirf69zfmpZcR/E9e26CsVAnOV6cBpHftglMBL/S9AHuTBK6', 'gmulligan5t@slate.com', 3, 0);
insert into user (id, username, password, email, role_id, is_banned) values (211, 'rsibbald5u', '$2a$10$z9OMmhirf69zfmpZcR/E9e26CsVAnOV6cBpHftglMBL/S9AHuTBK6', 'rzieme5u@reverbnation.com', 2, 0);
insert into user (id, username, password, email, role_id, is_banned) values (212, 'ctorra5v', '$2a$10$z9OMmhirf69zfmpZcR/E9e26CsVAnOV6cBpHftglMBL/S9AHuTBK6', 'sbenyan5v@nyu.edu', 2, 0);
insert into user (id, username, password, email, role_id, is_banned) values (213, 'kdunk5w', '$2a$10$z9OMmhirf69zfmpZcR/E9e26CsVAnOV6cBpHftglMBL/S9AHuTBK6', 'arottcher5w@pagesperso-orange.fr', 2, 0);
insert into user (id, username, password, email, role_id, is_banned) values (214, 'sburrel5x', '$2a$10$z9OMmhirf69zfmpZcR/E9e26CsVAnOV6cBpHftglMBL/S9AHuTBK6', 'jsmithies5x@chronoengine.com', 2, 0);
insert into user (id, username, password, email, role_id, is_banned) values (215, 'autteridge5y', '$2a$10$z9OMmhirf69zfmpZcR/E9e26CsVAnOV6cBpHftglMBL/S9AHuTBK6', 'ehemshall5y@ft.com', 3, 0);
insert into user (id, username, password, email, role_id, is_banned) values (216, 'osantus5z', '$2a$10$z9OMmhirf69zfmpZcR/E9e26CsVAnOV6cBpHftglMBL/S9AHuTBK6', 'ycrank5z@pagesperso-orange.fr', 2, 0);
insert into user (id, username, password, email, role_id, is_banned) values (217, 'bglassford60', '$2a$10$z9OMmhirf69zfmpZcR/E9e26CsVAnOV6cBpHftglMBL/S9AHuTBK6', 'lgerring60@opera.com', 2, 0);
insert into user (id, username, password, email, role_id, is_banned) values (218, 'eeldrid61', '$2a$10$z9OMmhirf69zfmpZcR/E9e26CsVAnOV6cBpHftglMBL/S9AHuTBK6', 'frenn61@nydailynews.com', 2, 0);
insert into user (id, username, password, email, role_id, is_banned) values (219, 'slochet62', '$2a$10$z9OMmhirf69zfmpZcR/E9e26CsVAnOV6cBpHftglMBL/S9AHuTBK6', 'nmedd62@amazon.co.jp', 2, 0);
insert into user (id, username, password, email, role_id, is_banned) values (220, 'jryal63', '$2a$10$z9OMmhirf69zfmpZcR/E9e26CsVAnOV6cBpHftglMBL/S9AHuTBK6', 'sbengle63@so-net.ne.jp', 3, 0);
insert into user (id, username, password, email, role_id, is_banned) values (221, 'bpietrzak64', '$2a$10$z9OMmhirf69zfmpZcR/E9e26CsVAnOV6cBpHftglMBL/S9AHuTBK6', 'tlunnon64@virginia.edu', 2, 0);
insert into user (id, username, password, email, role_id, is_banned) values (222, 'shoulton65', '$2a$10$z9OMmhirf69zfmpZcR/E9e26CsVAnOV6cBpHftglMBL/S9AHuTBK6', 'rbaylie65@godaddy.com', 2, 0);
insert into user (id, username, password, email, role_id, is_banned) values (223, 'hmatchell66', '$2a$10$z9OMmhirf69zfmpZcR/E9e26CsVAnOV6cBpHftglMBL/S9AHuTBK6', 'cknock66@rediff.com', 2, 0);
insert into user (id, username, password, email, role_id, is_banned) values (224, 'wchillcot67', '$2a$10$z9OMmhirf69zfmpZcR/E9e26CsVAnOV6cBpHftglMBL/S9AHuTBK6', 'zroussell67@indiatimes.com', 2, 0);
insert into user (id, username, password, email, role_id, is_banned) values (225, 'kdainton68', '$2a$10$z9OMmhirf69zfmpZcR/E9e26CsVAnOV6cBpHftglMBL/S9AHuTBK6', 'warchbell68@hp.com', 3, 0);
insert into user (id, username, password, email, role_id, is_banned) values (226, 'rumney69', '$2a$10$z9OMmhirf69zfmpZcR/E9e26CsVAnOV6cBpHftglMBL/S9AHuTBK6', 'wcaroll69@clickbank.net', 2, 0);
insert into user (id, username, password, email, role_id, is_banned) values (227, 'adawidowsky6a', '$2a$10$z9OMmhirf69zfmpZcR/E9e26CsVAnOV6cBpHftglMBL/S9AHuTBK6', 'cspofford6a@tinyurl.com', 2, 0);
insert into user (id, username, password, email, role_id, is_banned) values (228, 'cgrisbrook6b', '$2a$10$z9OMmhirf69zfmpZcR/E9e26CsVAnOV6cBpHftglMBL/S9AHuTBK6', 'iben6b@ifeng.com', 2, 0);
insert into user (id, username, password, email, role_id, is_banned) values (229, 'wallwell6c', '$2a$10$z9OMmhirf69zfmpZcR/E9e26CsVAnOV6cBpHftglMBL/S9AHuTBK6', 'woconor6c@google.co.uk', 2, 0);
insert into user (id, username, password, email, role_id, is_banned) values (230, 'kgatus6d', '$2a$10$z9OMmhirf69zfmpZcR/E9e26CsVAnOV6cBpHftglMBL/S9AHuTBK6', 'rloughlan6d@stanford.edu', 3, 0);
insert into user (id, username, password, email, role_id, is_banned) values (231, 'dmccambridge6e', '$2a$10$z9OMmhirf69zfmpZcR/E9e26CsVAnOV6cBpHftglMBL/S9AHuTBK6', 'kboustead6e@slideshare.net', 2, 0);
insert into user (id, username, password, email, role_id, is_banned) values (232, 'ksantori6f', '$2a$10$z9OMmhirf69zfmpZcR/E9e26CsVAnOV6cBpHftglMBL/S9AHuTBK6', 'hmathivon6f@facebook.com', 2, 0);
insert into user (id, username, password, email, role_id, is_banned) values (233, 'gdarleston6g', '$2a$10$z9OMmhirf69zfmpZcR/E9e26CsVAnOV6cBpHftglMBL/S9AHuTBK6', 'ckenchington6g@hp.com', 2, 0);
insert into user (id, username, password, email, role_id, is_banned) values (234, 'xandre6h', '$2a$10$z9OMmhirf69zfmpZcR/E9e26CsVAnOV6cBpHftglMBL/S9AHuTBK6', 'adohmer6h@narod.ru', 2, 0);
insert into user (id, username, password, email, role_id, is_banned) values (235, 'lchristene6i', '$2a$10$z9OMmhirf69zfmpZcR/E9e26CsVAnOV6cBpHftglMBL/S9AHuTBK6', 'sbrumen6i@sciencedirect.com', 3, 0);
insert into user (id, username, password, email, role_id, is_banned) values (236, 'imell6j', '$2a$10$z9OMmhirf69zfmpZcR/E9e26CsVAnOV6cBpHftglMBL/S9AHuTBK6', 'sharpham6j@hexun.com', 2, 0);
insert into user (id, username, password, email, role_id, is_banned) values (237, 'mmellmer6k', '$2a$10$z9OMmhirf69zfmpZcR/E9e26CsVAnOV6cBpHftglMBL/S9AHuTBK6', 'nradolf6k@economist.com', 2, 0);
insert into user (id, username, password, email, role_id, is_banned) values (238, 'spenson6l', '$2a$10$z9OMmhirf69zfmpZcR/E9e26CsVAnOV6cBpHftglMBL/S9AHuTBK6', 'afarron6l@spotify.com', 2, 0);
insert into user (id, username, password, email, role_id, is_banned) values (239, 'cballach6m', '$2a$10$z9OMmhirf69zfmpZcR/E9e26CsVAnOV6cBpHftglMBL/S9AHuTBK6', 'ldaly6m@cisco.com', 2, 0);
insert into user (id, username, password, email, role_id, is_banned) values (240, 'lgayther6n', '$2a$10$z9OMmhirf69zfmpZcR/E9e26CsVAnOV6cBpHftglMBL/S9AHuTBK6', 'gsurgener6n@miibeian.gov.cn', 3, 0);
insert into user (id, username, password, email, role_id, is_banned) values (241, 'bmougenel6o', '$2a$10$z9OMmhirf69zfmpZcR/E9e26CsVAnOV6cBpHftglMBL/S9AHuTBK6', 'agrebert6o@photobucket.com', 2, 0);
insert into user (id, username, password, email, role_id, is_banned) values (242, 'ayeatman6p', '$2a$10$z9OMmhirf69zfmpZcR/E9e26CsVAnOV6cBpHftglMBL/S9AHuTBK6', 'llong6p@netscape.com', 2, 0);
insert into user (id, username, password, email, role_id, is_banned) values (243, 'jlauxmann6q', '$2a$10$z9OMmhirf69zfmpZcR/E9e26CsVAnOV6cBpHftglMBL/S9AHuTBK6', 'hnorway6q@aol.com', 2, 0);
insert into user (id, username, password, email, role_id, is_banned) values (244, 'bnyles6r', '$2a$10$z9OMmhirf69zfmpZcR/E9e26CsVAnOV6cBpHftglMBL/S9AHuTBK6', 'amcwaters6r@forbes.com', 2, 0);
insert into user (id, username, password, email, role_id, is_banned) values (245, 'cwasiel6s', '$2a$10$z9OMmhirf69zfmpZcR/E9e26CsVAnOV6cBpHftglMBL/S9AHuTBK6', 'sboarer6s@google.de', 3, 0);
insert into user (id, username, password, email, role_id, is_banned) values (246, 'nstobbs6t', '$2a$10$z9OMmhirf69zfmpZcR/E9e26CsVAnOV6cBpHftglMBL/S9AHuTBK6', 'nburnel6t@photobucket.com', 2, 0);
insert into user (id, username, password, email, role_id, is_banned) values (247, 'escotchmore6u', '$2a$10$z9OMmhirf69zfmpZcR/E9e26CsVAnOV6cBpHftglMBL/S9AHuTBK6', 'jemloch6u@w3.org', 2, 0);
insert into user (id, username, password, email, role_id, is_banned) values (248, 'jpieper6v', '$2a$10$z9OMmhirf69zfmpZcR/E9e26CsVAnOV6cBpHftglMBL/S9AHuTBK6', 'vpincott6v@pagesperso-orange.fr', 2, 0);
insert into user (id, username, password, email, role_id, is_banned) values (249, 'ciorizzi6w', '$2a$10$z9OMmhirf69zfmpZcR/E9e26CsVAnOV6cBpHftglMBL/S9AHuTBK6', 'farrell6w@dagondesign.com', 2, 0);
insert into user (id, username, password, email, role_id, is_banned) values (250, 'bvizor6x', '$2a$10$z9OMmhirf69zfmpZcR/E9e26CsVAnOV6cBpHftglMBL/S9AHuTBK6', 'stzarkov6x@devhub.com', 3, 0);
insert into user (id, username, password, email, role_id, is_banned) values (251, 'admin', '$2a$10$z9OMmhirf69zfmpZcR/E9e26CsVAnOV6cBpHftglMBL/S9AHuTBK6', 'admin@6Guys.com', 1, 0);

insert into administrator (user_id, can_approve, can_alter_rights, can_alter_roles) values (251, 1, 1, 1);

insert into parent (user_id, wallet_points, name, surname, postal_code, street, street_number, phone, photo_link, latitude, longtitude) values (1, 100000, 'Allyn', 'Large', '57013', 'Hudson', '30098', '3458686955', 'https://robohash.org/molestiaeetest.jpg?size=128x128&set=set1', 37.932941, 23.745598);
insert into parent (user_id, wallet_points, name, surname, postal_code, street, street_number, phone, photo_link, latitude, longtitude) values (6, 10.44, 'Tanitansy', 'Castiglione', '504 67', 'Haas', '05044', '1832335711', 'https://robohash.org/numquamvoluptatesvel.bmp?size=128x128&set=set1', 37.94666, 23.793609);
insert into parent (user_id, wallet_points, name, surname, postal_code, street, street_number, phone, photo_link, latitude, longtitude) values (11, 30.67, 'Pierre', 'Srawley', '24048', 'Eliot', '77394', '5401362377', 'https://robohash.org/sedsintblanditiis.bmp?size=128x128&set=set1', 37.991427, 23.716617);
insert into parent (user_id, wallet_points, name, surname, postal_code, street, street_number, phone, photo_link, latitude, longtitude) values (16, 67.88, 'Mehetabel', 'Bachnic', '45700-000', 'Mcguire', '0', '4926229474', 'https://robohash.org/corporisinciduntqui.png?size=128x128&set=set1', 38.060452, 23.829386);
insert into parent (user_id, wallet_points, name, surname, postal_code, street, street_number, phone, photo_link, latitude, longtitude) values (21, 100.59, 'Loraine', 'Persent', '57013', 'Prentice', '1', '6673448864', 'https://robohash.org/laboreinventoreea.png?size=128x128&set=set1', 38.084624, 23.818427);
insert into parent (user_id, wallet_points, name, surname, postal_code, street, street_number, phone, photo_link, latitude, longtitude) values (26, 111.11, 'Cherish', 'Exer', '57013', 'Gerald', '36', '4939593751', 'https://robohash.org/autenimnon.bmp?size=128x128&set=set1', 38.015937, 23.633403);
insert into parent (user_id, wallet_points, name, surname, postal_code, street, street_number, phone, photo_link, latitude, longtitude) values (31, 35.05, 'Kristoforo', 'Galland', '659518', 'Farragut', '44786', '9053028752', 'https://robohash.org/blanditiiseanumquam.bmp?size=128x128&set=set1', 37.94056, 23.77068);
insert into parent (user_id, wallet_points, name, surname, postal_code, street, street_number, phone, photo_link, latitude, longtitude) values (36, 0.99, 'Hailee', 'Rooper', '57013', 'Stang', '5612', '5517562376', 'https://robohash.org/possimusofficiisvoluptates.bmp?size=128x128&set=set1', 37.9909, 23.706826);
insert into parent (user_id, wallet_points, name, surname, postal_code, street, street_number, phone, photo_link, latitude, longtitude) values (41, 63.56, 'Deonne', 'Springford', '57013', 'Arkansas', '97', '2009421188', 'https://robohash.org/accusantiumasperioresodit.jpg?size=128x128&set=set1', 38.08237, 23.624133);
insert into parent (user_id, wallet_points, name, surname, postal_code, street, street_number, phone, photo_link, latitude, longtitude) values (46, 79.54, 'Hedvige', 'Nitti', '57013', 'Carpenter', '82237', '1666550179', 'https://robohash.org/voluptateestea.png?size=128x128&set=set1', 38.050873, 23.783198);
insert into parent (user_id, wallet_points, name, surname, postal_code, street, street_number, phone, photo_link, latitude, longtitude) values (51, 95.98, 'Ursola', 'Loving', '56400-000', 'High Crossing', '04', '1726722528', 'https://robohash.org/eaautempraesentium.jpg?size=128x128&set=set1', 37.925597, 23.808136);
insert into parent (user_id, wallet_points, name, surname, postal_code, street, street_number, phone, photo_link, latitude, longtitude) values (56, 37.17, 'Claire', 'Janton', '57013', 'Goodland', '227', '9239900801', 'https://robohash.org/etperspiciatisa.png?size=128x128&set=set1', 38.002299, 23.65173);
insert into parent (user_id, wallet_points, name, surname, postal_code, street, street_number, phone, photo_link, latitude, longtitude) values (61, 101.2, 'Erich', 'Wayon', '57013', 'Holmberg', '976', '7805437568', 'https://robohash.org/sintreiciendisipsum.png?size=128x128&set=set1', 37.981518, 23.679851);
insert into parent (user_id, wallet_points, name, surname, postal_code, street, street_number, phone, photo_link, latitude, longtitude) values (66, 44.51, 'Richart', 'Baxstair', '57013', 'Messerschmidt', '8', '5321608818', 'https://robohash.org/laborumetad.bmp?size=128x128&set=set1', 38.036555, 23.744285);
insert into parent (user_id, wallet_points, name, surname, postal_code, street, street_number, phone, photo_link, latitude, longtitude) values (71, 119.7, 'Emalia', 'Severs', '57013', 'Hayes', '44', '7391213000', 'https://robohash.org/eosipsamconsequuntur.png?size=128x128&set=set1', 37.965454, 23.734604);
insert into parent (user_id, wallet_points, name, surname, postal_code, street, street_number, phone, photo_link, latitude, longtitude) values (76, 109.79, 'Rock', 'O''Lunny', '57013', 'Shoshone', '563', '5978665169', 'https://robohash.org/exercitationemquisincidunt.jpg?size=128x128&set=set1', 38.002669, 23.707296);
insert into parent (user_id, wallet_points, name, surname, postal_code, street, street_number, phone, photo_link, latitude, longtitude) values (81, 47.69, 'Hedvige', 'Hubane', '357637', 'Dennis', '4283', '1751282021', 'https://robohash.org/voluptatemvoluptaset.jpg?size=128x128&set=set1', 38.052607, 23.785345);
insert into parent (user_id, wallet_points, name, surname, postal_code, street, street_number, phone, photo_link, latitude, longtitude) values (86, 91.84, 'Redd', 'Kryszkiecicz', '517 50', 'Hanover', '821', '7498513129', 'https://robohash.org/nemoconsecteturrerum.jpg?size=128x128&set=set1', 37.951948, 23.795543);
insert into parent (user_id, wallet_points, name, surname, postal_code, street, street_number, phone, photo_link, latitude, longtitude) values (91, 25.45, 'Tomlin', 'Gosneye', '6262', 'Chinook', '52', '9121711720', 'https://robohash.org/excepturietpariatur.bmp?size=128x128&set=set1', 38.002154, 23.717215);
insert into parent (user_id, wallet_points, name, surname, postal_code, street, street_number, phone, photo_link, latitude, longtitude) values (96, 58.3, 'Devlin', 'Geaney', '57013', 'Delladonna', '40', '4708919169', 'https://robohash.org/hicdelenitiquis.bmp?size=128x128&set=set1', 38.081029, 23.710743);
insert into parent (user_id, wallet_points, name, surname, postal_code, street, street_number, phone, photo_link, latitude, longtitude) values (101, 78.88, 'Cull', 'Scanlan', '2501', 'Del Mar', '9', '4522766663', 'https://robohash.org/quidolorempariatur.png?size=128x128&set=set1', 38.05257, 23.689916);
insert into parent (user_id, wallet_points, name, surname, postal_code, street, street_number, phone, photo_link, latitude, longtitude) values (106, 97.79, 'Paddie', 'Attard', '76150', 'Gerald', '5', '4103044467', 'https://robohash.org/delectusiurelaboriosam.png?size=128x128&set=set1', 38.065603, 23.694001);
insert into parent (user_id, wallet_points, name, surname, postal_code, street, street_number, phone, photo_link, latitude, longtitude) values (111, 21.54, 'Filberte', 'Moar', '57013', 'Main', '59645', '9742965412', 'https://robohash.org/molestiaelaudantiummolestiae.png?size=128x128&set=set1', 38.037356, 23.710237);
insert into parent (user_id, wallet_points, name, surname, postal_code, street, street_number, phone, photo_link, latitude, longtitude) values (116, 106.65, 'Scott', 'Trehearn', '57013', 'Fordem', '287', '5214233520', 'https://robohash.org/atquerepellatomnis.jpg?size=128x128&set=set1', 38.053582, 23.7041);
insert into parent (user_id, wallet_points, name, surname, postal_code, street, street_number, phone, photo_link, latitude, longtitude) values (121, 11.07, 'Daria', 'Nottle', '57013', 'Di Loreto', '0947', '2384669422', 'https://robohash.org/consequatursitiste.jpg?size=128x128&set=set1', 37.930562, 23.816634);
insert into parent (user_id, wallet_points, name, surname, postal_code, street, street_number, phone, photo_link, latitude, longtitude) values (126, 28.01, 'Ravid', 'Shalcras', '57013', 'Messerschmidt', '0836', '4778777137', 'https://robohash.org/esteabeatae.png?size=128x128&set=set1', 37.952549, 23.692063);
insert into parent (user_id, wallet_points, name, surname, postal_code, street, street_number, phone, photo_link, latitude, longtitude) values (131, 21.62, 'Curt', 'Fegan', '051059', 'Loftsgordon', '6400', '9934371810', 'https://robohash.org/cumquesitdoloremque.bmp?size=128x128&set=set1', 38.004629, 23.831406);
insert into parent (user_id, wallet_points, name, surname, postal_code, street, street_number, phone, photo_link, latitude, longtitude) values (136, 43.08, 'Suzanne', 'De Hoogh', '57013', 'Veith', '6', '7976722113', 'https://robohash.org/dolorumquoet.bmp?size=128x128&set=set1', 38.003662, 23.728346);
insert into parent (user_id, wallet_points, name, surname, postal_code, street, street_number, phone, photo_link, latitude, longtitude) values (141, 75.28, 'Amata', 'Cardiff', '57013', 'Northwestern', '3509', '3258731214', 'https://robohash.org/porroeablanditiis.png?size=128x128&set=set1', 37.946666, 23.738891);
insert into parent (user_id, wallet_points, name, surname, postal_code, street, street_number, phone, photo_link, latitude, longtitude) values (146, 91.07, 'Tiffi', 'Boseley', '57013', 'Kim', '57654', '8675745891', 'https://robohash.org/quirerumcum.png?size=128x128&set=set1', 38.013294, 23.69734);
insert into parent (user_id, wallet_points, name, surname, postal_code, street, street_number, phone, photo_link, latitude, longtitude) values (151, 103.84, 'Shandy', 'Broadhead', 'P7L', 'Nancy', '1', '1531375706', 'https://robohash.org/repellatdolorporro.jpg?size=128x128&set=set1', 38.092928, 23.717929);
insert into parent (user_id, wallet_points, name, surname, postal_code, street, street_number, phone, photo_link, latitude, longtitude) values (156, 14.2, 'Thebault', 'Erangy', '57013', 'Sunnyside', '1', '7127251237', 'https://robohash.org/quoametqui.bmp?size=128x128&set=set1', 38.060816, 23.768853);
insert into parent (user_id, wallet_points, name, surname, postal_code, street, street_number, phone, photo_link, latitude, longtitude) values (161, 110.7, 'Edin', 'Biagioni', '10405', 'Talisman', '1912', '3053908000', 'https://robohash.org/providentcommodiearum.png?size=128x128&set=set1', 38.060073, 23.718345);
insert into parent (user_id, wallet_points, name, surname, postal_code, street, street_number, phone, photo_link, latitude, longtitude) values (166, 68.09, 'Ricky', 'Belcham', '11006', 'Shelley', '506', '6051354543', 'https://robohash.org/sapientevoluptatibusquia.bmp?size=128x128&set=set1', 38.07526, 23.654712);
insert into parent (user_id, wallet_points, name, surname, postal_code, street, street_number, phone, photo_link, latitude, longtitude) values (171, 10.47, 'Zara', 'Diggins', '645 32', 'Lillian', '9944', '1285782478', 'https://robohash.org/suscipitquieos.png?size=128x128&set=set1', 38.096642, 23.688874);
insert into parent (user_id, wallet_points, name, surname, postal_code, street, street_number, phone, photo_link, latitude, longtitude) values (176, 29.64, 'Aloysius', 'Churchward', '57013', 'Forest', '927', '7525559860', 'https://robohash.org/estautautem.jpg?size=128x128&set=set1', 38.006467, 23.754208);
insert into parent (user_id, wallet_points, name, surname, postal_code, street, street_number, phone, photo_link, latitude, longtitude) values (181, 83.46, 'Marwin', 'Bulloch', '57013', 'Hoffman', '4', '4118003203', 'https://robohash.org/debitisaperiamautem.bmp?size=128x128&set=set1', 37.988381, 23.826474);
insert into parent (user_id, wallet_points, name, surname, postal_code, street, street_number, phone, photo_link, latitude, longtitude) values (186, 14.9, 'Tiffani', 'Andreas', '57013', 'Tony', '82469', '3502380387', 'https://robohash.org/eligendiquascupiditate.jpg?size=128x128&set=set1', 38.064295, 23.767761);
insert into parent (user_id, wallet_points, name, surname, postal_code, street, street_number, phone, photo_link, latitude, longtitude) values (191, 24.66, 'Adah', 'Blagden', '57013', 'Hazelcrest', '8784', '5715073363', 'https://robohash.org/earumremomnis.jpg?size=128x128&set=set1', 37.979391, 23.690057);
insert into parent (user_id, wallet_points, name, surname, postal_code, street, street_number, phone, photo_link, latitude, longtitude) values (196, 43.44, 'Bram', 'Morillas', '57013', 'Bashford', '49', '5228232537', 'https://robohash.org/magnamtemporibusbeatae.bmp?size=128x128&set=set1', 38.059938, 23.690411);
insert into parent (user_id, wallet_points, name, surname, postal_code, street, street_number, phone, photo_link, latitude, longtitude) values (201, 49.12, 'Bendick', 'Worviell', '249018', 'Susan', '38193', '5866539249', 'https://robohash.org/veritatiscorporisaut.png?size=128x128&set=set1', 38.069114, 23.691282);
insert into parent (user_id, wallet_points, name, surname, postal_code, street, street_number, phone, photo_link, latitude, longtitude) values (206, 32.33, 'Melody', 'Neal', '57013', 'Reinke', '87', '2635824640', 'https://robohash.org/suntiustoofficia.bmp?size=128x128&set=set1', 38.02592, 23.827951);
insert into parent (user_id, wallet_points, name, surname, postal_code, street, street_number, phone, photo_link, latitude, longtitude) values (211, 70.0, 'Sid', 'Brunskill', '57013', 'Kropf', '9263', '6526869114', 'https://robohash.org/velitinea.jpg?size=128x128&set=set1', 37.978115, 23.761234);
insert into parent (user_id, wallet_points, name, surname, postal_code, street, street_number, phone, photo_link, latitude, longtitude) values (216, 61.64, 'Gerianne', 'Livard', '87785', 'School', '500', '5209238067', 'https://robohash.org/consequaturreiciendisanimi.png?size=128x128&set=set1', 38.041913, 23.805604);
insert into parent (user_id, wallet_points, name, surname, postal_code, street, street_number, phone, photo_link, latitude, longtitude) values (221, 50.55, 'Noel', 'Stranio', '57013', 'Stephen', '2', '9545693740', 'https://robohash.org/doloresfacereet.bmp?size=128x128&set=set1', 37.967003, 23.678463);
insert into parent (user_id, wallet_points, name, surname, postal_code, street, street_number, phone, photo_link, latitude, longtitude) values (226, 79.09, 'Vi', 'Brodnecke', '144005', '4th', '1633', '4713485073', 'https://robohash.org/modimolestiaeprovident.jpg?size=128x128&set=set1', 38.022657, 23.679998);
insert into parent (user_id, wallet_points, name, surname, postal_code, street, street_number, phone, photo_link, latitude, longtitude) values (231, 24.58, 'Wilmar', 'Casley', '57013', 'Upham', '41997', '6079360117', 'https://robohash.org/dolorumestvoluptatem.jpg?size=128x128&set=set1', 38.009973, 23.757618);
insert into parent (user_id, wallet_points, name, surname, postal_code, street, street_number, phone, photo_link, latitude, longtitude) values (236, 30.11, 'Barde', 'Faldoe', '57013', 'Elka', '5', '8243496060', 'https://robohash.org/temporedignissimosquam.bmp?size=128x128&set=set1', 38.053157, 23.7031);
insert into parent (user_id, wallet_points, name, surname, postal_code, street, street_number, phone, photo_link, latitude, longtitude) values (241, 14.42, 'Sherman', 'Prozescky', '57013', 'Warrior', '99', '7601254940', 'https://robohash.org/possimuserrorvoluptas.bmp?size=128x128&set=set1', 38.020154, 23.724259);
insert into parent (user_id, wallet_points, name, surname, postal_code, street, street_number, phone, photo_link, latitude, longtitude) values (246, 91.52, 'Ediva', 'Driscoll', '57013', 'Blackbird', '59041', '5411269081', 'https://robohash.org/perspiciatisquidolorum.bmp?size=128x128&set=set1', 37.940412, 23.779745);
insert into parent (user_id, wallet_points, name, surname, postal_code, street, street_number, phone, photo_link, latitude, longtitude) values (4, 26.11, 'Geri', 'Buckett', '57013', 'Village', '763', '9076250223', 'https://robohash.org/nostrumexpeditaaliquid.png?size=128x128&set=set1', 38.065861, 23.737295);
insert into parent (user_id, wallet_points, name, surname, postal_code, street, street_number, phone, photo_link, latitude, longtitude) values (9, 82.88, 'Penni', 'Brixey', '57013', 'Myrtle', '7', '4176524362', 'https://robohash.org/suscipitistesit.png?size=128x128&set=set1', 37.958721, 23.786575);
insert into parent (user_id, wallet_points, name, surname, postal_code, street, street_number, phone, photo_link, latitude, longtitude) values (14, 33.8, 'Hailey', 'Episcopi', '92715 CEDEX', '5th', '2', '6632246060', 'https://robohash.org/enimeumasperiores.jpg?size=128x128&set=set1', 38.091236, 23.713424);
insert into parent (user_id, wallet_points, name, surname, postal_code, street, street_number, phone, photo_link, latitude, longtitude) values (19, 50.47, 'Franklyn', 'Sewall', '57013', 'Starling', '0558', '5458874126', 'https://robohash.org/odioquisquamadipisci.jpg?size=128x128&set=set1', 38.098094, 23.731168);
insert into parent (user_id, wallet_points, name, surname, postal_code, street, street_number, phone, photo_link, latitude, longtitude) values (24, 83.54, 'Liv', 'Prinett', '04109', 'Granby', '84234', '4231559881', 'https://robohash.org/isteetaccusantium.jpg?size=128x128&set=set1', 38.049869, 23.691916);
insert into parent (user_id, wallet_points, name, surname, postal_code, street, street_number, phone, photo_link, latitude, longtitude) values (29, 59.07, 'Blinnie', 'Kubczak', 'E32', 'Bobwhite', '06', '4658421402', 'https://robohash.org/itaquequoeum.png?size=128x128&set=set1', 37.971053, 23.822287);
insert into parent (user_id, wallet_points, name, surname, postal_code, street, street_number, phone, photo_link, latitude, longtitude) values (34, 48.14, 'Flossie', 'Lamming', '57013', 'Saint Paul', '12', '2501592125', 'https://robohash.org/fugaauttempora.bmp?size=128x128&set=set1', 38.026357, 23.636534);
insert into parent (user_id, wallet_points, name, surname, postal_code, street, street_number, phone, photo_link, latitude, longtitude) values (39, 71.36, 'Ronnie', 'Barrable', '26620', 'Summerview', '2', '3603039409', 'https://robohash.org/temporibuseaquequo.bmp?size=128x128&set=set1', 38.007962, 23.786331);
insert into parent (user_id, wallet_points, name, surname, postal_code, street, street_number, phone, photo_link, latitude, longtitude) values (44, 6.77, 'Amii', 'Kulas', '57013', 'Mayfield', '5217', '9679287788', 'https://robohash.org/nihilquiavoluptatem.png?size=128x128&set=set1', 37.961531, 23.785063);
insert into parent (user_id, wallet_points, name, surname, postal_code, street, street_number, phone, photo_link, latitude, longtitude) values (49, 93.66, 'Clarita', 'Obern', '353226', 'Maple Wood', '004', '9303468640', 'https://robohash.org/eaquevoluptatemfacere.png?size=128x128&set=set1', 38.017046, 23.731905);
insert into parent (user_id, wallet_points, name, surname, postal_code, street, street_number, phone, photo_link, latitude, longtitude) values (54, 108.73, 'Orelee', 'Colaton', '57013', 'Russell', '9324', '9167839102', 'https://robohash.org/dolorumaccusantiumvoluptas.bmp?size=128x128&set=set1', 38.079235, 23.712271);
insert into parent (user_id, wallet_points, name, surname, postal_code, street, street_number, phone, photo_link, latitude, longtitude) values (59, 103.31, 'Meade', 'Blaase', 'G5B', 'Stone Corner', '6', '9194578576', 'https://robohash.org/autdignissimosfacilis.bmp?size=128x128&set=set1', 38.090111, 23.691076);
insert into parent (user_id, wallet_points, name, surname, postal_code, street, street_number, phone, photo_link, latitude, longtitude) values (64, 56.67, 'Bud', 'Summergill', '52051', 'Stoughton', '3690', '8601593124', 'https://robohash.org/reprehenderitdeseruntconsequatur.png?size=128x128&set=set1', 37.951801, 23.677962);
insert into parent (user_id, wallet_points, name, surname, postal_code, street, street_number, phone, photo_link, latitude, longtitude) values (69, 110.7, 'Wilhelm', 'Dixon', '57013', 'Hoard', '8303', '9268228274', 'https://robohash.org/laboredelectussit.jpg?size=128x128&set=set1', 38.042445, 23.642523);
insert into parent (user_id, wallet_points, name, surname, postal_code, street, street_number, phone, photo_link, latitude, longtitude) values (74, 67.49, 'Sammy', 'Kitcher', '57013', 'Bartillon', '4', '8738432804', 'https://robohash.org/adipsaet.png?size=128x128&set=set1', 37.957049, 23.786625);
insert into parent (user_id, wallet_points, name, surname, postal_code, street, street_number, phone, photo_link, latitude, longtitude) values (79, 45.5, 'Georgina', 'Gaskarth', '6102', 'Mallory', '6312', '1857009492', 'https://robohash.org/dolorquiin.png?size=128x128&set=set1', 38.015036, 23.741817);
insert into parent (user_id, wallet_points, name, surname, postal_code, street, street_number, phone, photo_link, latitude, longtitude) values (84, 56.58, 'Kippar', 'MacDearmont', '57013', 'Pepper Wood', '180', '4196410755', 'https://robohash.org/autquisnon.bmp?size=128x128&set=set1', 38.029423, 23.712056);
insert into parent (user_id, wallet_points, name, surname, postal_code, street, street_number, phone, photo_link, latitude, longtitude) values (89, 111.85, 'Hillery', 'Lattimore', '57013', 'Spenser', '1', '3285097393', 'https://robohash.org/quissederror.bmp?size=128x128&set=set1', 37.993611, 23.786207);
insert into parent (user_id, wallet_points, name, surname, postal_code, street, street_number, phone, photo_link, latitude, longtitude) values (94, 61.48, 'Kingsly', 'Dodgshon', '57013', 'Village Green', '32178', '1362381979', 'https://robohash.org/odiorecusandaeinventore.bmp?size=128x128&set=set1', 37.972447, 23.7348);
insert into parent (user_id, wallet_points, name, surname, postal_code, street, street_number, phone, photo_link, latitude, longtitude) values (99, 78.51, 'Elbert', 'Eubank', '57013', 'Nobel', '055', '5228533133', 'https://robohash.org/voluptatibusnihileos.png?size=128x128&set=set1', 37.992885, 23.818266);
insert into parent (user_id, wallet_points, name, surname, postal_code, street, street_number, phone, photo_link, latitude, longtitude) values (104, 16.64, 'Cally', 'Ganley', '57013', 'Buhler', '3539', '5613188208', 'https://robohash.org/voluptateminciduntsit.bmp?size=128x128&set=set1', 37.937879, 23.724512);
insert into parent (user_id, wallet_points, name, surname, postal_code, street, street_number, phone, photo_link, latitude, longtitude) values (109, 69.33, 'Glynis', 'Belison', '7780', 'Algoma', '78', '3007815924', 'https://robohash.org/eligendinobisquibusdam.bmp?size=128x128&set=set1', 37.960552, 23.790734);
insert into parent (user_id, wallet_points, name, surname, postal_code, street, street_number, phone, photo_link, latitude, longtitude) values (114, 92.04, 'Roley', 'Treacy', '981-4121', 'Kim', '41504', '3266015600', 'https://robohash.org/laudantiumquaeratrepudiandae.png?size=128x128&set=set1', 38.026542, 23.797586);
insert into parent (user_id, wallet_points, name, surname, postal_code, street, street_number, phone, photo_link, latitude, longtitude) values (119, 12.75, 'Tye', 'Brient', '57013', 'Surrey', '53', '8387860153', 'https://robohash.org/magniquibusdamvero.bmp?size=128x128&set=set1', 37.995657, 23.802381);
insert into parent (user_id, wallet_points, name, surname, postal_code, street, street_number, phone, photo_link, latitude, longtitude) values (124, 73.02, 'Cirilo', 'Dilston', '761028', 'Anderson', '3', '3119889525', 'https://robohash.org/quisdoloremneque.jpg?size=128x128&set=set1', 38.050331, 23.82941);
insert into parent (user_id, wallet_points, name, surname, postal_code, street, street_number, phone, photo_link, latitude, longtitude) values (129, 51.21, 'Nonie', 'Eatherton', '2662', 'Merry', '45900', '2801697943', 'https://robohash.org/eligendiomnisest.jpg?size=128x128&set=set1', 37.932989, 23.825652);
insert into parent (user_id, wallet_points, name, surname, postal_code, street, street_number, phone, photo_link, latitude, longtitude) values (134, 75.13, 'Rodolphe', 'Staples', '052837', 'Quincy', '9205', '4898887636', 'https://robohash.org/fugiatconsequuntursit.bmp?size=128x128&set=set1', 37.952883, 23.676769);
insert into parent (user_id, wallet_points, name, surname, postal_code, street, street_number, phone, photo_link, latitude, longtitude) values (139, 19.44, 'Alyce', 'Brazer', '57013', 'Burning Wood', '6', '1278898104', 'https://robohash.org/velitexpeditaperspiciatis.bmp?size=128x128&set=set1', 37.926019, 23.733944);
insert into parent (user_id, wallet_points, name, surname, postal_code, street, street_number, phone, photo_link, latitude, longtitude) values (144, 64.27, 'Dniren', 'Code', '57013', 'Vahlen', '3', '3346804897', 'https://robohash.org/harumvitaeautem.png?size=128x128&set=set1', 38.09273, 23.728626);
insert into parent (user_id, wallet_points, name, surname, postal_code, street, street_number, phone, photo_link, latitude, longtitude) values (149, 64.56, 'Janet', 'Trounce', '5164', 'Chive', '5833', '1631029261', 'https://robohash.org/etfacilisaperiam.bmp?size=128x128&set=set1', 37.936329, 23.773772);
insert into parent (user_id, wallet_points, name, surname, postal_code, street, street_number, phone, photo_link, latitude, longtitude) values (154, 117.89, 'Perry', 'Pithcock', '57013', 'Welch', '9', '6462566833', 'https://robohash.org/laudantiumquoeveniet.bmp?size=128x128&set=set1', 38.047141, 23.617219);
insert into parent (user_id, wallet_points, name, surname, postal_code, street, street_number, phone, photo_link, latitude, longtitude) values (159, 100.78, 'Alison', 'Cantor', '57013', 'Merry', '1', '1743969295', 'https://robohash.org/autet.png?size=128x128&set=set1', 38.073119, 23.81521);
insert into parent (user_id, wallet_points, name, surname, postal_code, street, street_number, phone, photo_link, latitude, longtitude) values (164, 31.35, 'Sarine', 'Cartmail', '57013', 'Shasta', '00', '5465707097', 'https://robohash.org/quodmollitiaea.png?size=128x128&set=set1', 37.966464, 23.787058);
insert into parent (user_id, wallet_points, name, surname, postal_code, street, street_number, phone, photo_link, latitude, longtitude) values (169, 19.75, 'Aube', 'Samsonsen', '57013', 'Arrowood', '22028', '7634345702', 'https://robohash.org/suntconsecteturea.jpg?size=128x128&set=set1', 37.963667, 23.677042);
insert into parent (user_id, wallet_points, name, surname, postal_code, street, street_number, phone, photo_link, latitude, longtitude) values (174, 61.92, 'Betteanne', 'Marchington', '2203', '3rd', '998', '4486645075', 'https://robohash.org/eumullamcorrupti.png?size=128x128&set=set1', 37.981322, 23.715613);
insert into parent (user_id, wallet_points, name, surname, postal_code, street, street_number, phone, photo_link, latitude, longtitude) values (179, 23.09, 'Jacintha', 'Wiz', '9847', 'Carioca', '828', '2307856616', 'https://robohash.org/fugaenimlibero.png?size=128x128&set=set1', 38.011608, 23.657495);
insert into parent (user_id, wallet_points, name, surname, postal_code, street, street_number, phone, photo_link, latitude, longtitude) values (184, 118.58, 'Ashlin', 'Ailmer', '60116 CEDEX', 'Buhler', '4', '7869010003', 'https://robohash.org/quiquisapiente.png?size=128x128&set=set1', 37.972692, 23.694583);
insert into parent (user_id, wallet_points, name, surname, postal_code, street, street_number, phone, photo_link, latitude, longtitude) values (189, 92.32, 'Lonnard', 'Rolls', '4715-529', 'Washington', '39220', '8141403737', 'https://robohash.org/autsimiliquecommodi.png?size=128x128&set=set1', 37.947673, 23.691765);
insert into parent (user_id, wallet_points, name, surname, postal_code, street, street_number, phone, photo_link, latitude, longtitude) values (194, 47.37, 'Beatriz', 'Gai', '89665-000', 'Corry', '0272', '6013398896', 'https://robohash.org/quiaundevelit.png?size=128x128&set=set1', 38.087579, 23.67585);
insert into parent (user_id, wallet_points, name, surname, postal_code, street, street_number, phone, photo_link, latitude, longtitude) values (199, 26.27, 'Anjela', 'Churchman', '02162', 'Stoughton', '2', '6173615070', 'https://robohash.org/odiovoluptatumillum.png?size=128x128&set=set1', 38.070357, 23.788538);
insert into parent (user_id, wallet_points, name, surname, postal_code, street, street_number, phone, photo_link, latitude, longtitude) values (204, 88.55, 'Anatola', 'Hazel', '6005', 'Maple', '90', '4114457306', 'https://robohash.org/estdoloreos.jpg?size=128x128&set=set1', 38.03983, 23.633649);
insert into parent (user_id, wallet_points, name, surname, postal_code, street, street_number, phone, photo_link, latitude, longtitude) values (209, 19.9, 'Llewellyn', 'Howlin', '57013', 'American', '7', '6762544556', 'https://robohash.org/nihiltemporevoluptate.png?size=128x128&set=set1', 37.983248, 23.684886);
insert into parent (user_id, wallet_points, name, surname, postal_code, street, street_number, phone, photo_link, latitude, longtitude) values (214, 4.74, 'Walt', 'Costain', '13700-000', 'Corben', '6829', '3563709926', 'https://robohash.org/aperiamrecusandaeexplicabo.png?size=128x128&set=set1', 37.976332, 23.690644);
insert into parent (user_id, wallet_points, name, surname, postal_code, street, street_number, phone, photo_link, latitude, longtitude) values (219, 90.28, 'Ariel', 'Paternoster', '57013', 'Karstens', '20', '2385641496', 'https://robohash.org/natusenimnumquam.bmp?size=128x128&set=set1', 37.988112, 23.816108);
insert into parent (user_id, wallet_points, name, surname, postal_code, street, street_number, phone, photo_link, latitude, longtitude) values (224, 80.63, 'Alyce', 'Gianninotti', '57013', 'Glacier Hill', '98243', '7789086234', 'https://robohash.org/nonoditet.jpg?size=128x128&set=set1', 38.084715, 23.616678);
insert into parent (user_id, wallet_points, name, surname, postal_code, street, street_number, phone, photo_link, latitude, longtitude) values (229, 71.9, 'Harmony', 'Cowburn', '57013', 'Stone Corner', '25962', '6086614966', 'https://robohash.org/etnonvoluptatem.jpg?size=128x128&set=set1', 38.089475, 23.689834);
insert into parent (user_id, wallet_points, name, surname, postal_code, street, street_number, phone, photo_link, latitude, longtitude) values (234, 46.13, 'Willard', 'Glassard', '6310', 'Ilene', '95', '6139255917', 'https://robohash.org/nonquipraesentium.jpg?size=128x128&set=set1', 38.058316, 23.815312);
insert into parent (user_id, wallet_points, name, surname, postal_code, street, street_number, phone, photo_link, latitude, longtitude) values (239, 104.27, 'Bald', 'Yanov', '24131', 'Algoma', '9492', '4645670670', 'https://robohash.org/quisdoloremdeleniti.bmp?size=128x128&set=set1', 38.076057, 23.61444);
insert into parent (user_id, wallet_points, name, surname, postal_code, street, street_number, phone, photo_link, latitude, longtitude) values (244, 71.09, 'Cesare', 'Sertin', '57013', 'Anderson', '33', '6897822747', 'https://robohash.org/voluptatumnonvoluptatem.jpg?size=128x128&set=set1', 38.02606, 23.804556);
insert into parent (user_id, wallet_points, name, surname, postal_code, street, street_number, phone, photo_link, latitude, longtitude) values (249, 116.12, 'Levi', 'MacKellar', '8566', 'Arkansas', '649', '5692253851', 'https://robohash.org/quiaaspernaturexcepturi.png?size=128x128&set=set1', 38.090866, 23.626102);
insert into parent (user_id, wallet_points, name, surname, postal_code, street, street_number, phone, photo_link, latitude, longtitude) values (3, 17.49, 'Cherie', 'Alford', '57013', 'Basil', '296', '4703468912', 'https://robohash.org/enimquissit.png?size=128x128&set=set1', 37.988773, 23.754151);
insert into parent (user_id, wallet_points, name, surname, postal_code, street, street_number, phone, photo_link, latitude, longtitude) values (8, 73.46, 'Matias', 'Bisset', '62250-000', 'Anniversary', '7513', '3375193791', 'https://robohash.org/undedictaquia.png?size=128x128&set=set1', 37.954924, 23.690613);
insert into parent (user_id, wallet_points, name, surname, postal_code, street, street_number, phone, photo_link, latitude, longtitude) values (13, 6.0, 'Nydia', 'Itzcovich', '95092 CEDEX', '6th', '89', '4517733648', 'https://robohash.org/solutainperferendis.bmp?size=128x128&set=set1', 38.04178, 23.652025);
insert into parent (user_id, wallet_points, name, surname, postal_code, street, street_number, phone, photo_link, latitude, longtitude) values (18, 24.59, 'Farlee', 'Zecchinelli', '57013', 'Mcbride', '94258', '6874549112', 'https://robohash.org/nonautdoloremque.bmp?size=128x128&set=set1', 38.004716, 23.760182);
insert into parent (user_id, wallet_points, name, surname, postal_code, street, street_number, phone, photo_link, latitude, longtitude) values (23, 6.07, 'Heinrik', 'Ravel', '57013', 'Drewry', '019', '8126163226', 'https://robohash.org/suntliberovoluptas.png?size=128x128&set=set1', 38.055783, 23.633668);
insert into parent (user_id, wallet_points, name, surname, postal_code, street, street_number, phone, photo_link, latitude, longtitude) values (28, 109.83, 'Amii', 'Bawden', '57013', 'Johnson', '2', '7606634417', 'https://robohash.org/recusandaeetexplicabo.png?size=128x128&set=set1', 37.927275, 23.687922);
insert into parent (user_id, wallet_points, name, surname, postal_code, street, street_number, phone, photo_link, latitude, longtitude) values (33, 96.59, 'Phineas', 'Bawme', '2950-542', 'Butterfield', '9', '7742188049', 'https://robohash.org/voluptatemconsequaturexercitationem.png?size=128x128&set=set1', 37.950434, 23.753345);
insert into parent (user_id, wallet_points, name, surname, postal_code, street, street_number, phone, photo_link, latitude, longtitude) values (38, 37.9, 'Tally', 'Searston', '4023', 'Lotheville', '3', '2793631359', 'https://robohash.org/velitdolorumnostrum.bmp?size=128x128&set=set1', 37.940596, 23.781726);
insert into parent (user_id, wallet_points, name, surname, postal_code, street, street_number, phone, photo_link, latitude, longtitude) values (43, 44.75, 'Daryl', 'Burghill', '92762 CEDEX', 'Donald', '86092', '3064603089', 'https://robohash.org/adipisciexdeserunt.png?size=128x128&set=set1', 37.929739, 23.72371);
insert into parent (user_id, wallet_points, name, surname, postal_code, street, street_number, phone, photo_link, latitude, longtitude) values (48, 45.52, 'Fern', 'Munslow', '57013', 'Mariners Cove', '1999', '3152755998', 'https://robohash.org/atvoluptatibuseaque.bmp?size=128x128&set=set1', 38.038006, 23.710862);
insert into parent (user_id, wallet_points, name, surname, postal_code, street, street_number, phone, photo_link, latitude, longtitude) values (53, 25.79, 'Flory', 'Westwick', '57013', 'Texas', '829', '4245088381', 'https://robohash.org/ipsumsapienterecusandae.png?size=128x128&set=set1', 37.98063, 23.677091);
insert into parent (user_id, wallet_points, name, surname, postal_code, street, street_number, phone, photo_link, latitude, longtitude) values (58, 98.65, 'Willis', 'Slaten', '57013', 'Hermina', '1', '4946664947', 'https://robohash.org/eaplaceatquam.png?size=128x128&set=set1', 37.926389, 23.676023);
insert into parent (user_id, wallet_points, name, surname, postal_code, street, street_number, phone, photo_link, latitude, longtitude) values (63, 116.87, 'Annabella', 'Unstead', '832 93', 'Forest Dale', '16', '7735159634', 'https://robohash.org/sapientedictaincidunt.png?size=128x128&set=set1', 37.986927, 23.680089);
insert into parent (user_id, wallet_points, name, surname, postal_code, street, street_number, phone, photo_link, latitude, longtitude) values (68, 93.92, 'Bevvy', 'Salomon', '6548', 'Mayfield', '94163', '2749806541', 'https://robohash.org/perspiciatiseiussapiente.png?size=128x128&set=set1', 37.989841, 23.707224);
insert into parent (user_id, wallet_points, name, surname, postal_code, street, street_number, phone, photo_link, latitude, longtitude) values (73, 84.59, 'Farrah', 'Adacot', '881 30', 'La Follette', '80', '2801696438', 'https://robohash.org/omnisetblanditiis.bmp?size=128x128&set=set1', 37.942682, 23.75641);
insert into parent (user_id, wallet_points, name, surname, postal_code, street, street_number, phone, photo_link, latitude, longtitude) values (78, 75.15, 'Mae', 'Chastaing', '57013', 'Quincy', '0', '9369680318', 'https://robohash.org/deseruntlaudantiumdolores.bmp?size=128x128&set=set1', 38.064999, 23.77658);
insert into parent (user_id, wallet_points, name, surname, postal_code, street, street_number, phone, photo_link, latitude, longtitude) values (83, 63.93, 'Estele', 'Vidler', '57013', 'Dennis', '0', '6882451260', 'https://robohash.org/hicsaepeea.png?size=128x128&set=set1', 37.935893, 23.771972);
insert into parent (user_id, wallet_points, name, surname, postal_code, street, street_number, phone, photo_link, latitude, longtitude) values (88, 79.13, 'Goddard', 'Tulloch', '77-430', 'Lawn', '196', '3723592316', 'https://robohash.org/ipsaperspiciatisdolores.png?size=128x128&set=set1', 37.966552, 23.821037);
insert into parent (user_id, wallet_points, name, surname, postal_code, street, street_number, phone, photo_link, latitude, longtitude) values (93, 29.72, 'Ainslie', 'Goburn', '8004', 'Gerald', '8', '8688750107', 'https://robohash.org/animisedaut.png?size=128x128&set=set1', 38.048878, 23.815943);
insert into parent (user_id, wallet_points, name, surname, postal_code, street, street_number, phone, photo_link, latitude, longtitude) values (98, 49.52, 'Alayne', 'Cordelette', '3192', 'Emmet', '247', '2276322330', 'https://robohash.org/quaesequiet.jpg?size=128x128&set=set1', 37.976611, 23.70675);
insert into parent (user_id, wallet_points, name, surname, postal_code, street, street_number, phone, photo_link, latitude, longtitude) values (103, 115.37, 'Corina', 'Guillain', '57013', 'Eliot', '7332', '5724815994', 'https://robohash.org/etdoloresearum.png?size=128x128&set=set1', 38.061409, 23.63395);
insert into parent (user_id, wallet_points, name, surname, postal_code, street, street_number, phone, photo_link, latitude, longtitude) values (108, 14.89, 'Randi', 'Wharton', '3702', 'Bluestem', '506', '1587812010', 'https://robohash.org/nisieligendisapiente.png?size=128x128&set=set1', 38.006305, 23.677947);
insert into parent (user_id, wallet_points, name, surname, postal_code, street, street_number, phone, photo_link, latitude, longtitude) values (113, 61.13, 'L;urette', 'Tocknell', '619221', 'Onsgard', '4', '9327555416', 'https://robohash.org/consequaturomnisvel.jpg?size=128x128&set=set1', 37.965003, 23.69648);
insert into parent (user_id, wallet_points, name, surname, postal_code, street, street_number, phone, photo_link, latitude, longtitude) values (118, 21.33, 'Sioux', 'Rippon', '57013', 'Carioca', '7', '8649975754', 'https://robohash.org/expeditavelitquia.png?size=128x128&set=set1', 37.944916, 23.650875);
insert into parent (user_id, wallet_points, name, surname, postal_code, street, street_number, phone, photo_link, latitude, longtitude) values (123, 87.39, 'Barnard', 'Litel', '57013', 'Cherokee', '0026', '4234657922', 'https://robohash.org/estsitqui.png?size=128x128&set=set1', 37.966955, 23.731747);
insert into parent (user_id, wallet_points, name, surname, postal_code, street, street_number, phone, photo_link, latitude, longtitude) values (128, 66.51, 'Spenser', 'Andrelli', '6329', 'Golf', '927', '1239132601', 'https://robohash.org/corruptiteneturamet.bmp?size=128x128&set=set1', 37.992661, 23.682121);
insert into parent (user_id, wallet_points, name, surname, postal_code, street, street_number, phone, photo_link, latitude, longtitude) values (133, 118.77, 'Regan', 'Hammill', '396779', 'La Follette', '02', '6406888455', 'https://robohash.org/quiaaliquamullam.bmp?size=128x128&set=set1', 37.98975, 23.808319);
insert into parent (user_id, wallet_points, name, surname, postal_code, street, street_number, phone, photo_link, latitude, longtitude) values (138, 3.0, 'Cris', 'Aleveque', '57013', 'Sunnyside', '766', '1578868313', 'https://robohash.org/modiexercitationemqui.jpg?size=128x128&set=set1', 37.974006, 23.622672);
insert into parent (user_id, wallet_points, name, surname, postal_code, street, street_number, phone, photo_link, latitude, longtitude) values (143, 52.12, 'Clerkclaude', 'Stot', '33515', 'International', '6', '7609185274', 'https://robohash.org/evenietmodiminus.png?size=128x128&set=set1', 37.935585, 23.769194);
insert into parent (user_id, wallet_points, name, surname, postal_code, street, street_number, phone, photo_link, latitude, longtitude) values (148, 32.89, 'Kimball', 'Draude', '4221', 'Schmedeman', '5', '3796753954', 'https://robohash.org/utvitaeiste.bmp?size=128x128&set=set1', 38.046114, 23.762455);
insert into parent (user_id, wallet_points, name, surname, postal_code, street, street_number, phone, photo_link, latitude, longtitude) values (153, 96.67, 'Morley', 'Burnip', '2390', 'Alpine', '68', '5797066353', 'https://robohash.org/rerumnoncorporis.jpg?size=128x128&set=set1', 37.975548, 23.656241);
insert into parent (user_id, wallet_points, name, surname, postal_code, street, street_number, phone, photo_link, latitude, longtitude) values (158, 72.05, 'Ursa', 'Rattrie', '57013', 'Sommers', '22', '3831280715', 'https://robohash.org/quasiquorem.bmp?size=128x128&set=set1', 38.069804, 23.779459);
insert into parent (user_id, wallet_points, name, surname, postal_code, street, street_number, phone, photo_link, latitude, longtitude) values (163, 64.65, 'Jasen', 'Canning', '75460-000', 'Sunfield', '472', '1772840006', 'https://robohash.org/aperiamsintnesciunt.bmp?size=128x128&set=set1', 37.967216, 23.641602);
insert into parent (user_id, wallet_points, name, surname, postal_code, street, street_number, phone, photo_link, latitude, longtitude) values (168, 15.3, 'Haleigh', 'Bownass', '57013', 'Quincy', '1071', '4636570279', 'https://robohash.org/evenietfugaquia.png?size=128x128&set=set1', 37.991852, 23.8232);
insert into parent (user_id, wallet_points, name, surname, postal_code, street, street_number, phone, photo_link, latitude, longtitude) values (173, 10.2, 'Ronalda', 'Volkers', '57013', 'Twin Pines', '9', '5988530068', 'https://robohash.org/harumesseest.bmp?size=128x128&set=set1', 38.041746, 23.750316);
insert into parent (user_id, wallet_points, name, surname, postal_code, street, street_number, phone, photo_link, latitude, longtitude) values (178, 18.98, 'Diannne', 'Neild', '57013', 'Forest Dale', '880', '7592055975', 'https://robohash.org/quaeratquisquamaut.jpg?size=128x128&set=set1', 38.067871, 23.702296);
insert into parent (user_id, wallet_points, name, surname, postal_code, street, street_number, phone, photo_link, latitude, longtitude) values (183, 89.88, 'Ignace', 'Glazebrook', '57013', 'Southridge', '51', '3468896279', 'https://robohash.org/praesentiumquosid.png?size=128x128&set=set1', 38.008891, 23.620406);
insert into parent (user_id, wallet_points, name, surname, postal_code, street, street_number, phone, photo_link, latitude, longtitude) values (188, 93.73, 'Elga', 'Pickavant', '57013', 'Carioca', '7', '1663570356', 'https://robohash.org/faciliserrorquod.jpg?size=128x128&set=set1', 37.979012, 23.761285);
insert into parent (user_id, wallet_points, name, surname, postal_code, street, street_number, phone, photo_link, latitude, longtitude) values (193, 90.83, 'Pooh', 'Madelin', '57013', 'Boyd', '51', '7599160840', 'https://robohash.org/voluptasomnisaut.bmp?size=128x128&set=set1', 38.043443, 23.689854);
insert into parent (user_id, wallet_points, name, surname, postal_code, street, street_number, phone, photo_link, latitude, longtitude) values (198, 11.36, 'Katie', 'Wethers', '34080', '3rd', '2', '5814785376', 'https://robohash.org/maioresdoloremquefuga.jpg?size=128x128&set=set1', 38.095635, 23.825382);
insert into parent (user_id, wallet_points, name, surname, postal_code, street, street_number, phone, photo_link, latitude, longtitude) values (203, 90.41, 'Hollis', 'Grzegorzewski', '38-114', 'Tony', '99091', '7881952863', 'https://robohash.org/utvoluptatemnesciunt.jpg?size=128x128&set=set1', 38.002138, 23.624838);
insert into parent (user_id, wallet_points, name, surname, postal_code, street, street_number, phone, photo_link, latitude, longtitude) values (208, 27.61, 'Wilmette', 'Chinnock', '57013', 'Victoria', '54314', '3405401067', 'https://robohash.org/omnisinaut.bmp?size=128x128&set=set1', 38.001493, 23.643122);
insert into parent (user_id, wallet_points, name, surname, postal_code, street, street_number, phone, photo_link, latitude, longtitude) values (213, 75.48, 'Teddie', 'Feron', '849-5131', 'Graceland', '4', '2682118879', 'https://robohash.org/nostrumilloqui.bmp?size=128x128&set=set1', 38.043754, 23.723973);
insert into parent (user_id, wallet_points, name, surname, postal_code, street, street_number, phone, photo_link, latitude, longtitude) values (218, 54.12, 'Viki', 'Ellingsworth', '4620-400', 'Bartillon', '046', '5412724053', 'https://robohash.org/liberoasperioresquo.jpg?size=128x128&set=set1', 37.964638, 23.636102);
insert into parent (user_id, wallet_points, name, surname, postal_code, street, street_number, phone, photo_link, latitude, longtitude) values (223, 69.28, 'Gibb', 'Dubose', '57013', 'Maywood', '666', '7512380199', 'https://robohash.org/quasetoptio.png?size=128x128&set=set1', 38.035026, 23.770781);
insert into parent (user_id, wallet_points, name, surname, postal_code, street, street_number, phone, photo_link, latitude, longtitude) values (228, 7.02, 'Callean', 'Ceaplen', '57013', 'Westerfield', '3', '8251288321', 'https://robohash.org/consequaturrerumminus.bmp?size=128x128&set=set1', 37.972452, 23.810503);
insert into parent (user_id, wallet_points, name, surname, postal_code, street, street_number, phone, photo_link, latitude, longtitude) values (233, 8.5, 'Jillana', 'Heaslip', '261 01', 'Browning', '204', '7332928226', 'https://robohash.org/eumvoluptateearum.jpg?size=128x128&set=set1', 38.063783, 23.642759);
insert into parent (user_id, wallet_points, name, surname, postal_code, street, street_number, phone, photo_link, latitude, longtitude) values (238, 70.77, 'Kala', 'Pedrielli', 'L-6231', 'Riverside', '2832', '6938035198', 'https://robohash.org/numquamlaudantiumrepellat.jpg?size=128x128&set=set1', 38.059659, 23.829042);
insert into parent (user_id, wallet_points, name, surname, postal_code, street, street_number, phone, photo_link, latitude, longtitude) values (243, 88.13, 'Desi', 'Bow', '571 36', 'Bashford', '78468', '8714451612', 'https://robohash.org/rerumarchitectoquibusdam.bmp?size=128x128&set=set1', 37.942092, 23.727633);
insert into parent (user_id, wallet_points, name, surname, postal_code, street, street_number, phone, photo_link, latitude, longtitude) values (248, 3.25, 'Burlie', 'O''Shields', '463-0015', 'Becker', '318', '7579073531', 'https://robohash.org/inconsequaturitaque.png?size=128x128&set=set1', 37.946425, 23.644632);
insert into parent (user_id, wallet_points, name, surname, postal_code, street, street_number, phone, photo_link, latitude, longtitude) values (2, 118.8, 'Jere', 'Wharlton', '662037', 'Sutteridge', '710', '6976397281', 'https://robohash.org/officiisquaesimilique.jpg?size=128x128&set=set1', 37.955011, 23.759025);
insert into parent (user_id, wallet_points, name, surname, postal_code, street, street_number, phone, photo_link, latitude, longtitude) values (7, 28.29, 'Jeanne', 'Kilvington', '57013', 'Victoria', '40475', '3045081204', 'https://robohash.org/temporeeosnon.png?size=128x128&set=set1', 38.016025, 23.803705);
insert into parent (user_id, wallet_points, name, surname, postal_code, street, street_number, phone, photo_link, latitude, longtitude) values (12, 54.14, 'Pierce', 'Goodayle', '57013', 'Golf', '449', '8139788938', 'https://robohash.org/quivoluptasdolor.jpg?size=128x128&set=set1', 38.066931, 23.691735);
insert into parent (user_id, wallet_points, name, surname, postal_code, street, street_number, phone, photo_link, latitude, longtitude) values (17, 38.45, 'Issy', 'Mathe', '57013', 'Springs', '69', '7392273892', 'https://robohash.org/etconsequatura.bmp?size=128x128&set=set1', 37.93002, 23.822133);
insert into parent (user_id, wallet_points, name, surname, postal_code, street, street_number, phone, photo_link, latitude, longtitude) values (22, 63.67, 'Ana', 'Arnauduc', '57013', 'Dryden', '15', '5896920282', 'https://robohash.org/nihilerrorullam.png?size=128x128&set=set1', 38.021446, 23.779659);
insert into parent (user_id, wallet_points, name, surname, postal_code, street, street_number, phone, photo_link, latitude, longtitude) values (27, 26.26, 'Nollie', 'Brothwood', '57013', 'Northview', '99990', '7303421299', 'https://robohash.org/explicaboquasisoluta.jpg?size=128x128&set=set1', 38.091301, 23.772826);
insert into parent (user_id, wallet_points, name, surname, postal_code, street, street_number, phone, photo_link, latitude, longtitude) values (32, 111.03, 'Hallie', 'Bryers', '136 68', 'Brickson Park', '53', '2319438398', 'https://robohash.org/velnequeeveniet.bmp?size=128x128&set=set1', 38.052443, 23.828125);
insert into parent (user_id, wallet_points, name, surname, postal_code, street, street_number, phone, photo_link, latitude, longtitude) values (37, 50.85, 'Cynde', 'Gentry', '4405', 'Village Green', '72071', '8664975062', 'https://robohash.org/magnamaccusantiumdolorum.jpg?size=128x128&set=set1', 38.006931, 23.756451);
insert into parent (user_id, wallet_points, name, surname, postal_code, street, street_number, phone, photo_link, latitude, longtitude) values (42, 7.14, 'Florri', 'Scothorne', '57013', 'Nancy', '31', '8463329308', 'https://robohash.org/quibusdamautemconsequatur.bmp?size=128x128&set=set1', 38.067845, 23.709264);
insert into parent (user_id, wallet_points, name, surname, postal_code, street, street_number, phone, photo_link, latitude, longtitude) values (47, 43.25, 'Cherianne', 'Vant', '57013', 'Anniversary', '97601', '2237562257', 'https://robohash.org/dolorequisquamexercitationem.jpg?size=128x128&set=set1', 38.060227, 23.691315);
insert into parent (user_id, wallet_points, name, surname, postal_code, street, street_number, phone, photo_link, latitude, longtitude) values (52, 116.61, 'Ephrayim', 'Kenryd', '57013', 'Hoepker', '46', '2584286894', 'https://robohash.org/vitaeevenietaut.bmp?size=128x128&set=set1', 38.027924, 23.805998);
insert into parent (user_id, wallet_points, name, surname, postal_code, street, street_number, phone, photo_link, latitude, longtitude) values (57, 33.97, 'Ingeberg', 'Cerman', '3107', 'Lakewood Gardens', '77311', '3345158604', 'https://robohash.org/reprehenderitsedquis.jpg?size=128x128&set=set1', 38.020511, 23.687914);
insert into parent (user_id, wallet_points, name, surname, postal_code, street, street_number, phone, photo_link, latitude, longtitude) values (62, 53.66, 'Doretta', 'McDugal', '57013', 'Dunning', '2', '8643034428', 'https://robohash.org/estitaqueut.bmp?size=128x128&set=set1', 37.970318, 23.677227);
insert into parent (user_id, wallet_points, name, surname, postal_code, street, street_number, phone, photo_link, latitude, longtitude) values (67, 25.51, 'Aldo', 'Ivancevic', '67190', 'Raven', '38224', '4963256190', 'https://robohash.org/dolorconsequunturfacere.bmp?size=128x128&set=set1', 38.020403, 23.760704);
insert into parent (user_id, wallet_points, name, surname, postal_code, street, street_number, phone, photo_link, latitude, longtitude) values (72, 34.02, 'Trace', 'Kloisner', '57013', 'Moose', '988', '6628557212', 'https://robohash.org/minimainventorequis.bmp?size=128x128&set=set1', 38.061895, 23.661875);
insert into parent (user_id, wallet_points, name, surname, postal_code, street, street_number, phone, photo_link, latitude, longtitude) values (77, 14.84, 'Bekki', 'Keys', '112 20', 'Summer Ridge', '37', '3722579262', 'https://robohash.org/aimpeditiusto.png?size=128x128&set=set1', 38.086058, 23.67909);
insert into parent (user_id, wallet_points, name, surname, postal_code, street, street_number, phone, photo_link, latitude, longtitude) values (82, 49.36, 'Selby', 'Hemphill', '3262', 'Merrick', '1', '5904164480', 'https://robohash.org/perspiciatisquiet.jpg?size=128x128&set=set1', 37.983015, 23.690764);
insert into parent (user_id, wallet_points, name, surname, postal_code, street, street_number, phone, photo_link, latitude, longtitude) values (87, 63.35, 'Melonie', 'Bennetts', '57013', 'Northfield', '609', '9926836375', 'https://robohash.org/voluptatemnihilminus.bmp?size=128x128&set=set1', 37.933766, 23.760645);
insert into parent (user_id, wallet_points, name, surname, postal_code, street, street_number, phone, photo_link, latitude, longtitude) values (92, 6.79, 'Harlene', 'Ganter', '57013', 'Kennedy', '81644', '5777429433', 'https://robohash.org/eaqueomnisomnis.png?size=128x128&set=set1', 38.065204, 23.81987);
insert into parent (user_id, wallet_points, name, surname, postal_code, street, street_number, phone, photo_link, latitude, longtitude) values (97, 93.35, 'Foss', 'Blitz', '57013', 'Ruskin', '4', '9034792737', 'https://robohash.org/laboriosamametconsequuntur.bmp?size=128x128&set=set1', 38.007163, 23.816647);
insert into parent (user_id, wallet_points, name, surname, postal_code, street, street_number, phone, photo_link, latitude, longtitude) values (102, 20.89, 'Pasquale', 'Cluse', '57013', 'Nobel', '48', '3477416074', 'https://robohash.org/quasnisiqui.bmp?size=128x128&set=set1', 38.041811, 23.687751);
insert into parent (user_id, wallet_points, name, surname, postal_code, street, street_number, phone, photo_link, latitude, longtitude) values (107, 76.88, 'Hunfredo', 'Gaize', '63504 CEDEX', 'Jackson', '2861', '1292459814', 'https://robohash.org/sitfacilisea.bmp?size=128x128&set=set1', 37.926592, 23.71267);
insert into parent (user_id, wallet_points, name, surname, postal_code, street, street_number, phone, photo_link, latitude, longtitude) values (112, 26.18, 'Flint', 'Dibbs', '57013', 'Crowley', '82835', '7938700932', 'https://robohash.org/etnullaautem.bmp?size=128x128&set=set1', 37.942651, 23.780871);
insert into parent (user_id, wallet_points, name, surname, postal_code, street, street_number, phone, photo_link, latitude, longtitude) values (117, 50.24, 'Candice', 'Ferrant', '4910-060', 'Mcguire', '5', '9689549056', 'https://robohash.org/remsedamet.jpg?size=128x128&set=set1', 37.982626, 23.661929);
insert into parent (user_id, wallet_points, name, surname, postal_code, street, street_number, phone, photo_link, latitude, longtitude) values (122, 6.18, 'Tracy', 'Gorringe', '57013', 'Old Shore', '91151', '7765922256', 'https://robohash.org/recusandaelaborevelit.png?size=128x128&set=set1', 38.033271, 23.682013);
insert into parent (user_id, wallet_points, name, surname, postal_code, street, street_number, phone, photo_link, latitude, longtitude) values (127, 111.96, 'Farly', 'Plumridge', '57013', 'Pond', '562', '4728838551', 'https://robohash.org/nobistemporibusquia.png?size=128x128&set=set1', 38.046231, 23.730848);
insert into parent (user_id, wallet_points, name, surname, postal_code, street, street_number, phone, photo_link, latitude, longtitude) values (132, 0.34, 'Paulie', 'Drewery', '2344', 'Grasskamp', '8744', '8347412221', 'https://robohash.org/voluptatumteneturquis.png?size=128x128&set=set1', 37.966162, 23.826419);
insert into parent (user_id, wallet_points, name, surname, postal_code, street, street_number, phone, photo_link, latitude, longtitude) values (137, 14.55, 'Manya', 'Slyford', '385321', 'Jana', '90', '6233171952', 'https://robohash.org/magnamquilaudantium.jpg?size=128x128&set=set1', 37.936112, 23.793621);
insert into parent (user_id, wallet_points, name, surname, postal_code, street, street_number, phone, photo_link, latitude, longtitude) values (142, 23.56, 'Cortney', 'Eger', '52111', 'Fremont', '27082', '3576100368', 'https://robohash.org/autautemet.jpg?size=128x128&set=set1', 37.965935, 23.636352);
insert into parent (user_id, wallet_points, name, surname, postal_code, street, street_number, phone, photo_link, latitude, longtitude) values (147, 112.68, 'Angil', 'Mounch', '57013', 'Macpherson', '35799', '6591048505', 'https://robohash.org/reiciendisautemdolorem.png?size=128x128&set=set1', 37.952078, 23.761491);
insert into parent (user_id, wallet_points, name, surname, postal_code, street, street_number, phone, photo_link, latitude, longtitude) values (152, 105.88, 'Daryn', 'Benech', '57013', 'Schlimgen', '0788', '8932234683', 'https://robohash.org/liberoprovidentesse.bmp?size=128x128&set=set1', 38.01249, 23.833773);
insert into parent (user_id, wallet_points, name, surname, postal_code, street, street_number, phone, photo_link, latitude, longtitude) values (157, 58.83, 'Oliy', 'Blackstone', '3736', 'Westend', '40248', '3011793997', 'https://robohash.org/reprehenderitquisquamautem.bmp?size=128x128&set=set1', 38.022768, 23.686456);
insert into parent (user_id, wallet_points, name, surname, postal_code, street, street_number, phone, photo_link, latitude, longtitude) values (162, 6.2, 'Frasier', 'Hrycek', '5710', 'Hayes', '15', '8317153405', 'https://robohash.org/quofugitexpedita.jpg?size=128x128&set=set1', 38.080656, 23.628214);
insert into parent (user_id, wallet_points, name, surname, postal_code, street, street_number, phone, photo_link, latitude, longtitude) values (167, 111.21, 'Malia', 'Saltman', '38-120', 'Stang', '55', '7846221349', 'https://robohash.org/temporeipsumdebitis.bmp?size=128x128&set=set1', 38.006728, 23.754911);
insert into parent (user_id, wallet_points, name, surname, postal_code, street, street_number, phone, photo_link, latitude, longtitude) values (172, 70.27, 'Sibilla', 'Ollington', '57013', 'Kings', '47681', '7301268621', 'https://robohash.org/suscipitnobisat.jpg?size=128x128&set=set1', 38.061166, 23.830396);
insert into parent (user_id, wallet_points, name, surname, postal_code, street, street_number, phone, photo_link, latitude, longtitude) values (177, 76.09, 'Willa', 'Buffey', '6532', 'Oriole', '099', '8108912620', 'https://robohash.org/utestrepudiandae.bmp?size=128x128&set=set1', 38.06776, 23.636073);
insert into parent (user_id, wallet_points, name, surname, postal_code, street, street_number, phone, photo_link, latitude, longtitude) values (182, 23.45, 'Shannah', 'Snow', '57013', 'Dorton', '31139', '5133696778', 'https://robohash.org/cumporrodignissimos.jpg?size=128x128&set=set1', 38.039369, 23.723046);
insert into parent (user_id, wallet_points, name, surname, postal_code, street, street_number, phone, photo_link, latitude, longtitude) values (187, 28.04, 'Cyrillus', 'Chadbourne', '57013', 'Blackbird', '45572', '1899601258', 'https://robohash.org/autidipsum.bmp?size=128x128&set=set1', 38.066597, 23.772239);
insert into parent (user_id, wallet_points, name, surname, postal_code, street, street_number, phone, photo_link, latitude, longtitude) values (192, 53.68, 'Orland', 'Woolager', '57013', 'Starling', '43', '9218573399', 'https://robohash.org/nihilomnissaepe.bmp?size=128x128&set=set1', 38.080725, 23.769294);
insert into parent (user_id, wallet_points, name, surname, postal_code, street, street_number, phone, photo_link, latitude, longtitude) values (197, 39.82, 'Lilian', 'Jeskin', '57013', 'Arrowood', '20', '2256816653', 'https://robohash.org/distinctioofficiamolestiae.jpg?size=128x128&set=set1', 37.941358, 23.649107);
insert into parent (user_id, wallet_points, name, surname, postal_code, street, street_number, phone, photo_link, latitude, longtitude) values (202, 38.52, 'Angele', 'Buzine', '142817', 'Artisan', '48397', '5918117237', 'https://robohash.org/maioresoccaecatiofficia.jpg?size=128x128&set=set1', 38.080549, 23.770835);
insert into parent (user_id, wallet_points, name, surname, postal_code, street, street_number, phone, photo_link, latitude, longtitude) values (207, 38.94, 'Darryl', 'Bodill', '57013', 'Valley Edge', '95', '4244068560', 'https://robohash.org/quianihilaperiam.jpg?size=128x128&set=set1', 37.996187, 23.627037);
insert into parent (user_id, wallet_points, name, surname, postal_code, street, street_number, phone, photo_link, latitude, longtitude) values (212, 8.02, 'Demetri', 'Balbeck', '57013', 'Old Gate', '70608', '5338737512', 'https://robohash.org/doloresexvelit.png?size=128x128&set=set1', 38.03047, 23.762032);
insert into parent (user_id, wallet_points, name, surname, postal_code, street, street_number, phone, photo_link, latitude, longtitude) values (217, 113.03, 'Correy', 'Dilks', '57013', 'Dryden', '87082', '2784017891', 'https://robohash.org/quiaaspernaturqui.jpg?size=128x128&set=set1', 37.954749, 23.626226);
insert into parent (user_id, wallet_points, name, surname, postal_code, street, street_number, phone, photo_link, latitude, longtitude) values (222, 89.45, 'Bentlee', 'Climie', '57013', 'Sutteridge', '2', '8709854866', 'https://robohash.org/delenitisedtemporibus.bmp?size=128x128&set=set1', 38.055091, 23.778103);
insert into parent (user_id, wallet_points, name, surname, postal_code, street, street_number, phone, photo_link, latitude, longtitude) values (227, 85.8, 'Jan', 'Coleford', '57013', 'Carpenter', '70', '4691060547', 'https://robohash.org/enimetvitae.png?size=128x128&set=set1', 38.094783, 23.776571);
insert into parent (user_id, wallet_points, name, surname, postal_code, street, street_number, phone, photo_link, latitude, longtitude) values (232, 88.9, 'Dela', 'Blaxton', '57013', 'Scott', '226', '3369856138', 'https://robohash.org/natuslaboriosamsit.jpg?size=128x128&set=set1', 38.023782, 23.644361);
insert into parent (user_id, wallet_points, name, surname, postal_code, street, street_number, phone, photo_link, latitude, longtitude) values (237, 70.3, 'Giorgio', 'Iannello', '5307', 'Scott', '015', '5707618876', 'https://robohash.org/rationeiustominima.bmp?size=128x128&set=set1', 38.036164, 23.814997);
insert into parent (user_id, wallet_points, name, surname, postal_code, street, street_number, phone, photo_link, latitude, longtitude) values (242, 116.09, 'Drucill', 'Chasson', '57013', 'Basil', '07147', '1752795038', 'https://robohash.org/repudiandaequoquia.bmp?size=128x128&set=set1', 37.973216, 23.819852);
insert into parent (user_id, wallet_points, name, surname, postal_code, street, street_number, phone, photo_link, latitude, longtitude) values (247, 112.16, 'Brade', 'Dalston', '57013', 'Vidon', '17', '8581405375', 'https://robohash.org/cumetdolor.png?size=128x128&set=set1', 38.072128, 23.632062);


insert into provider (user_id, wallet_points, company_name, Description, AFM, is_approved, name, surname, postal_code, street, street_number, phone, photo_link, subscription_expiry_date, registration_date) values (5, 6947, 'Voomm', 'Curabitur at ipsum ac tellus semper interdum. Mauris ullamcorper purus sit amet nulla. Quisque arcu libero, rutrum ac, lobortis vel, dapibus at, diam.', 851326543, 1, 'Felicia', 'Van Leeuwen', 91848, 'Briar Crest', 92, '8501475982', 'https://robohash.org/modiquamqui.png?size=128x128&set=set1', '2018-02-18', '2017-11-13');
insert into provider (user_id, wallet_points, company_name, Description, AFM, is_approved, name, surname, postal_code, street, street_number, phone, photo_link, subscription_expiry_date, registration_date) values (10, 24365, 'Jabbersphere', 'Cras non velit nec nisi vulputate nonummy. Maecenas tincidunt lacus at velit. Vivamus vel nulla eget eros elementum pellentesque.', 851326544, 1, 'Rakel', 'Tellesson', 50826, 'Lakewood', 51, '2366394526', 'https://robohash.org/corruptiattemporibus.png?size=128x128&set=set1', '2018-04-21', '2017-11-24');
insert into provider (user_id, wallet_points, company_name, Description, AFM, is_approved, name, surname, postal_code, street, street_number, phone, photo_link, subscription_expiry_date, registration_date) values (15, 10774, 'Voonder', 'Nullam sit amet turpis elementum ligula vehicula consequat. Morbi a ipsum. Integer a nibh.

In quis justo. Maecenas rhoncus aliquam lacus. Morbi quis tortor id nulla ultrices aliquet.

Maecenas leo odio, condimentum id, luctus nec, molestie sed, justo. Pellentesque viverra pede ac diam. Cras pellentesque volutpat dui.', 851326545, 1, 'Andeee', 'Bucksey', 10304, 'Jackson', 55, '2139982324', 'https://robohash.org/blanditiiseaeum.png?size=128x128&set=set1', '2018-03-18', '2017-12-24');
insert into provider (user_id, wallet_points, company_name, Description, AFM, is_approved, name, surname, postal_code, street, street_number, phone, photo_link, subscription_expiry_date, registration_date) values (20, 15472, 'Dabjam', 'Morbi non lectus. Aliquam sit amet diam in magna bibendum imperdiet. Nullam orci pede, venenatis non, sodales sed, tincidunt eu, felis.', 851326546, 1, 'Torrey', 'Wogden', 93818, 'Melody', 89, '5448996063', 'https://robohash.org/quibusdampariaturdeserunt.png?size=128x128&set=set1', '2018-03-31', '2017-12-18');
insert into provider (user_id, wallet_points, company_name, Description, AFM, is_approved, name, surname, postal_code, street, street_number, phone, photo_link, subscription_expiry_date, registration_date) values (25, 28500, 'Tavu', 'Cras mi pede, malesuada in, imperdiet et, commodo vulputate, justo. In blandit ultrices enim. Lorem ipsum dolor sit amet, consectetuer adipiscing elit.

Proin interdum mauris non ligula pellentesque ultrices. Phasellus id sapien in sapien iaculis congue. Vivamus metus arcu, adipiscing molestie, hendrerit at, vulputate vitae, nisl.', 851326547, 1, 'Denni', 'Macieiczyk', 67721, 'Roxbury', 39, '4318326287', 'https://robohash.org/ullamconsecteturcommodi.png?size=128x128&set=set1', '2018-04-02', '2017-11-18');
insert into provider (user_id, wallet_points, company_name, Description, AFM, is_approved, name, surname, postal_code, street, street_number, phone, photo_link, subscription_expiry_date, registration_date) values (30, 20605, 'Oozz', 'Maecenas ut massa quis augue luctus tincidunt. Nulla mollis molestie lorem. Quisque ut erat.', 851326548, 1, 'Klemens', 'Royse', 14764, 'Cottonwood', 26, '5058335396', 'https://robohash.org/nisitemporibusdistinctio.png?size=128x128&set=set1', '2018-03-25', '2017-11-20');
insert into provider (user_id, wallet_points, company_name, Description, AFM, is_approved, name, surname, postal_code, street, street_number, phone, photo_link, subscription_expiry_date, registration_date) values (35, 10558, 'Meeveo', 'Vestibulum ac est lacinia nisi venenatis tristique. Fusce congue, diam id ornare imperdiet, sapien urna pretium nisl, ut volutpat sapien arcu sed augue. Aliquam erat volutpat.

In congue. Etiam justo. Etiam pretium iaculis justo.', 851326549, 1, 'Eustace', 'Giacomoni', 89068, 'Brentwood', 107, '1125893898', 'https://robohash.org/expeditaaccusantiumomnis.png?size=128x128&set=set1', '2018-04-04', '2017-12-04');
insert into provider (user_id, wallet_points, company_name, Description, AFM, is_approved, name, surname, postal_code, street, street_number, phone, photo_link, subscription_expiry_date, registration_date) values (40, 13967, 'Gigashots', 'Nam ultrices, libero non mattis pulvinar, nulla pede ullamcorper augue, a suscipit nulla elit ac nulla. Sed vel enim sit amet nunc viverra dapibus. Nulla suscipit ligula in lacus.

Curabitur at ipsum ac tellus semper interdum. Mauris ullamcorper purus sit amet nulla. Quisque arcu libero, rutrum ac, lobortis vel, dapibus at, diam.', 851326550, 1, 'Baird', 'Eaken', 88989, 'Alpine', 62, '5401209417', 'https://robohash.org/utvoluptatibuseos.png?size=128x128&set=set1', '2018-04-01', '2017-12-22');
insert into provider (user_id, wallet_points, company_name, Description, AFM, is_approved, name, surname, postal_code, street, street_number, phone, photo_link, subscription_expiry_date, registration_date) values (45, 16529, 'Aimbu', 'Duis bibendum. Morbi non quam nec dui luctus rutrum. Nulla tellus.', 851326551, 1, 'Walker', 'Iffland', 82881, 'Declaration', 43, '8039440205', 'https://robohash.org/doloremqueomnisnobis.png?size=128x128&set=set1', '2018-03-21', '2017-12-31');
insert into provider (user_id, wallet_points, company_name, Description, AFM, is_approved, name, surname, postal_code, street, street_number, phone, photo_link, subscription_expiry_date, registration_date) values (50, 26502, 'Linkbuzz', 'Cras non velit nec nisi vulputate nonummy. Maecenas tincidunt lacus at velit. Vivamus vel nulla eget eros elementum pellentesque.

Quisque porta volutpat erat. Quisque erat eros, viverra eget, congue eget, semper rutrum, nulla. Nunc purus.

Phasellus in felis. Donec semper sapien a libero. Nam dui.', 851326552, 1, 'Fernandina', 'McAndie', 17506, 'Rowland', 81, '8835510317', 'https://robohash.org/reprehenderitprovidentsed.png?size=128x128&set=set1', '2018-02-15', '2017-11-16');
insert into provider (user_id, wallet_points, company_name, Description, AFM, is_approved, name, surname, postal_code, street, street_number, phone, photo_link, subscription_expiry_date, registration_date) values (55, 6483, 'Tekfly', 'Fusce posuere felis sed lacus. Morbi sem mauris, laoreet ut, rhoncus aliquet, pulvinar sed, nisl. Nunc rhoncus dui vel sem.

Sed sagittis. Nam congue, risus semper porta volutpat, quam pede lobortis ligula, sit amet eleifend pede libero quis orci. Nullam molestie nibh in lectus.

Pellentesque at nulla. Suspendisse potenti. Cras in purus eu magna vulputate luctus.', 851326553, 1, 'Olenka', 'Kingsnorth', 70814, 'Dakota', 10, '1646796498', 'https://robohash.org/excepturiquoeius.png?size=128x128&set=set1', '2018-03-28', '2017-11-23');
insert into provider (user_id, wallet_points, company_name, Description, AFM, is_approved, name, surname, postal_code, street, street_number, phone, photo_link, subscription_expiry_date, registration_date) values (60, 4991, 'Flipopia', 'Cras mi pede, malesuada in, imperdiet et, commodo vulputate, justo. In blandit ultrices enim. Lorem ipsum dolor sit amet, consectetuer adipiscing elit.

Proin interdum mauris non ligula pellentesque ultrices. Phasellus id sapien in sapien iaculis congue. Vivamus metus arcu, adipiscing molestie, hendrerit at, vulputate vitae, nisl.

Aenean lectus. Pellentesque eget nunc. Donec quis orci eget orci vehicula condimentum.', 851326554, 1, 'Elicia', 'Rustidge', 76480, 'Merchant', 26, '3595951112', 'https://robohash.org/beataedignissimoscupiditate.png?size=128x128&set=set1', '2018-02-22', '2017-12-12');
insert into provider (user_id, wallet_points, company_name, Description, AFM, is_approved, name, surname, postal_code, street, street_number, phone, photo_link, subscription_expiry_date, registration_date) values (65, 678, 'Fadeo', 'Cras mi pede, malesuada in, imperdiet et, commodo vulputate, justo. In blandit ultrices enim. Lorem ipsum dolor sit amet, consectetuer adipiscing elit.

Proin interdum mauris non ligula pellentesque ultrices. Phasellus id sapien in sapien iaculis congue. Vivamus metus arcu, adipiscing molestie, hendrerit at, vulputate vitae, nisl.', 851326555, 1, 'Solomon', 'Sandells', 33542, 'Jenifer', 1, '4843209308', 'https://robohash.org/recusandaedoloreest.png?size=128x128&set=set1', '2018-02-28', '2017-12-14');
insert into provider (user_id, wallet_points, company_name, Description, AFM, is_approved, name, surname, postal_code, street, street_number, phone, photo_link, subscription_expiry_date, registration_date) values (70, 17677, 'Dabjam', 'Proin eu mi. Nulla ac enim. In tempor, turpis nec euismod scelerisque, quam turpis adipiscing lorem, vitae mattis nibh ligula nec sem.

Duis aliquam convallis nunc. Proin at turpis a pede posuere nonummy. Integer non velit.', 851326556, 1, 'Sandie', 'Clemensen', 35450, 'Armistice', 5, '3447967940', 'https://robohash.org/facilisexcepturiullam.png?size=128x128&set=set1', '2018-03-22', '2017-11-01');
insert into provider (user_id, wallet_points, company_name, Description, AFM, is_approved, name, surname, postal_code, street, street_number, phone, photo_link, subscription_expiry_date, registration_date) values (75, 605, 'Jabbersphere', 'Cras mi pede, malesuada in, imperdiet et, commodo vulputate, justo. In blandit ultrices enim. Lorem ipsum dolor sit amet, consectetuer adipiscing elit.

Proin interdum mauris non ligula pellentesque ultrices. Phasellus id sapien in sapien iaculis congue. Vivamus metus arcu, adipiscing molestie, hendrerit at, vulputate vitae, nisl.

Aenean lectus. Pellentesque eget nunc. Donec quis orci eget orci vehicula condimentum.', 851326557, 1, 'Sallee', 'Champniss', 84012, 'Cherokee', 4, '7605708508', 'https://robohash.org/asapientepossimus.png?size=128x128&set=set1', '2018-03-05', '2017-11-07');
insert into provider (user_id, wallet_points, company_name, Description, AFM, is_approved, name, surname, postal_code, street, street_number, phone, photo_link, subscription_expiry_date, registration_date) values (80, 13630, 'Dynazzy', 'Integer tincidunt ante vel ipsum. Praesent blandit lacinia erat. Vestibulum sed magna at nunc commodo placerat.

Praesent blandit. Nam nulla. Integer pede justo, lacinia eget, tincidunt eget, tempus vel, pede.

Morbi porttitor lorem id ligula. Suspendisse ornare consequat lectus. In est risus, auctor sed, tristique in, tempus sit amet, sem.', 851326558, 1, 'Arlinda', 'Skeleton', 20153, 'Crownhardt', 67, '7476335146', 'https://robohash.org/quodelenitiamet.png?size=128x128&set=set1', '2018-04-25', '2017-11-28');
insert into provider (user_id, wallet_points, company_name, Description, AFM, is_approved, name, surname, postal_code, street, street_number, phone, photo_link, subscription_expiry_date, registration_date) values (85, 9762, 'Jabberstorm', 'Integer ac leo. Pellentesque ultrices mattis odio. Donec vitae nisi.

Nam ultrices, libero non mattis pulvinar, nulla pede ullamcorper augue, a suscipit nulla elit ac nulla. Sed vel enim sit amet nunc viverra dapibus. Nulla suscipit ligula in lacus.', 851326559, 1, 'Charita', 'Byron', 19918, 'Susan', 104, '4374308711', 'https://robohash.org/quaenatusqui.png?size=128x128&set=set1', '2018-04-23', '2017-11-21');
insert into provider (user_id, wallet_points, company_name, Description, AFM, is_approved, name, surname, postal_code, street, street_number, phone, photo_link, subscription_expiry_date, registration_date) values (90, 16277, 'Browsezoom', 'Quisque id justo sit amet sapien dignissim vestibulum. Vestibulum ante ipsum primis in faucibus orci luctus et ultrices posuere cubilia Curae; Nulla dapibus dolor vel est. Donec odio justo, sollicitudin ut, suscipit a, feugiat et, eros.

Vestibulum ac est lacinia nisi venenatis tristique. Fusce congue, diam id ornare imperdiet, sapien urna pretium nisl, ut volutpat sapien arcu sed augue. Aliquam erat volutpat.', 851326560, 1, 'Garland', 'Camel', 26030, 'Meadow Valley', 101, '7618764146', 'https://robohash.org/voluptatumdelenitiet.png?size=128x128&set=set1', '2018-04-27', '2017-12-14');
insert into provider (user_id, wallet_points, company_name, Description, AFM, is_approved, name, surname, postal_code, street, street_number, phone, photo_link, subscription_expiry_date, registration_date) values (95, 22877, 'Realbuzz', 'Curabitur gravida nisi at nibh. In hac habitasse platea dictumst. Aliquam augue quam, sollicitudin vitae, consectetuer eget, rutrum at, lorem.

Integer tincidunt ante vel ipsum. Praesent blandit lacinia erat. Vestibulum sed magna at nunc commodo placerat.

Praesent blandit. Nam nulla. Integer pede justo, lacinia eget, tincidunt eget, tempus vel, pede.', 851326561, 1, 'Ronnie', 'Pepye', 80972, 'David', 103, '4006045018', 'https://robohash.org/voluptatemdignissimostempore.png?size=128x128&set=set1', '2018-04-27', '2017-11-05');
insert into provider (user_id, wallet_points, company_name, Description, AFM, is_approved, name, surname, postal_code, street, street_number, phone, photo_link, subscription_expiry_date, registration_date) values (100, 1839, 'Twitterlist', 'Nam ultrices, libero non mattis pulvinar, nulla pede ullamcorper augue, a suscipit nulla elit ac nulla. Sed vel enim sit amet nunc viverra dapibus. Nulla suscipit ligula in lacus.

Curabitur at ipsum ac tellus semper interdum. Mauris ullamcorper purus sit amet nulla. Quisque arcu libero, rutrum ac, lobortis vel, dapibus at, diam.', 851326562, 1, 'Melany', 'Gagg', 41866, 'Loeprich', 129, '5195714429', 'https://robohash.org/vitaeconsecteturquae.png?size=128x128&set=set1', '2018-04-03', '2017-12-13');
insert into provider (user_id, wallet_points, company_name, Description, AFM, is_approved, name, surname, postal_code, street, street_number, phone, photo_link, subscription_expiry_date, registration_date) values (105, 27910, 'Browsezoom', 'Lorem ipsum dolor sit amet, consectetuer adipiscing elit. Proin risus. Praesent lectus.

Vestibulum quam sapien, varius ut, blandit non, interdum in, ante. Vestibulum ante ipsum primis in faucibus orci luctus et ultrices posuere cubilia Curae; Duis faucibus accumsan odio. Curabitur convallis.

Duis consequat dui nec nisi volutpat eleifend. Donec ut dolor. Morbi vel lectus in quam fringilla rhoncus.', 851326563, 1, 'Mitchel', 'Chittie', 82888, 'Vermont', 78, '6444385310', 'https://robohash.org/minussedomnis.png?size=128x128&set=set1', '2018-03-16', '2017-11-14');
insert into provider (user_id, wallet_points, company_name, Description, AFM, is_approved, name, surname, postal_code, street, street_number, phone, photo_link, subscription_expiry_date, registration_date) values (110, 10716, 'Browsetype', 'Quisque id justo sit amet sapien dignissim vestibulum. Vestibulum ante ipsum primis in faucibus orci luctus et ultrices posuere cubilia Curae; Nulla dapibus dolor vel est. Donec odio justo, sollicitudin ut, suscipit a, feugiat et, eros.', 851326564, 1, 'Tasia', 'Deakins', 86697, 'Elmside', 104, '1021114028', 'https://robohash.org/voluptatibussaepeet.png?size=128x128&set=set1', '2018-03-29', '2017-12-08');
insert into provider (user_id, wallet_points, company_name, Description, AFM, is_approved, name, surname, postal_code, street, street_number, phone, photo_link, subscription_expiry_date, registration_date) values (115, 6511, 'Youfeed', 'Suspendisse potenti. In eleifend quam a odio. In hac habitasse platea dictumst.', 851326565, 1, 'Kylie', 'Kingsly', 81406, 'Donald', 22, '9328609977', 'https://robohash.org/nisicorporisex.png?size=128x128&set=set1', '2018-03-22', '2017-11-14');
insert into provider (user_id, wallet_points, company_name, Description, AFM, is_approved, name, surname, postal_code, street, street_number, phone, photo_link, subscription_expiry_date, registration_date) values (120, 15572, 'Skynoodle', 'In hac habitasse platea dictumst. Etiam faucibus cursus urna. Ut tellus.

Nulla ut erat id mauris vulputate elementum. Nullam varius. Nulla facilisi.', 851326566, 1, 'Calley', 'Carmody', 18613, 'Michigan', 136, '8949315059', 'https://robohash.org/distinctioeligendinam.png?size=128x128&set=set1', '2018-03-26', '2017-11-02');
insert into provider (user_id, wallet_points, company_name, Description, AFM, is_approved, name, surname, postal_code, street, street_number, phone, photo_link, subscription_expiry_date, registration_date) values (125, 9484, 'Twitterbridge', 'Proin leo odio, porttitor id, consequat in, consequat ut, nulla. Sed accumsan felis. Ut at dolor quis odio consequat varius.

Integer ac leo. Pellentesque ultrices mattis odio. Donec vitae nisi.

Nam ultrices, libero non mattis pulvinar, nulla pede ullamcorper augue, a suscipit nulla elit ac nulla. Sed vel enim sit amet nunc viverra dapibus. Nulla suscipit ligula in lacus.', 851326567, 1, 'Jemmy', 'Vardon', 88732, 'Eastlawn', 119, '7692946718', 'https://robohash.org/namnumquamdolor.png?size=128x128&set=set1', '2018-03-28', '2017-12-28');
insert into provider (user_id, wallet_points, company_name, Description, AFM, is_approved, name, surname, postal_code, street, street_number, phone, photo_link, subscription_expiry_date, registration_date) values (130, 11179, 'Riffpedia', 'Nam ultrices, libero non mattis pulvinar, nulla pede ullamcorper augue, a suscipit nulla elit ac nulla. Sed vel enim sit amet nunc viverra dapibus. Nulla suscipit ligula in lacus.

Curabitur at ipsum ac tellus semper interdum. Mauris ullamcorper purus sit amet nulla. Quisque arcu libero, rutrum ac, lobortis vel, dapibus at, diam.', 851326568, 1, 'Wendeline', 'Ayres', 62014, 'Kipling', 159, '7287005739', 'https://robohash.org/perferendisdolornihil.png?size=128x128&set=set1', '2018-03-14', '2017-12-17');
insert into provider (user_id, wallet_points, company_name, Description, AFM, is_approved, name, surname, postal_code, street, street_number, phone, photo_link, subscription_expiry_date, registration_date) values (135, 3204, 'Jabbertype', 'Duis bibendum. Morbi non quam nec dui luctus rutrum. Nulla tellus.', 851326569, 1, 'Sioux', 'Osipenko', 12295, 'American', 145, '2142290411', 'https://robohash.org/quiateneturmaxime.png?size=128x128&set=set1', '2018-02-17', '2017-11-27');
insert into provider (user_id, wallet_points, company_name, Description, AFM, is_approved, name, surname, postal_code, street, street_number, phone, photo_link, subscription_expiry_date, registration_date) values (140, 3107, 'Voonte', 'Integer ac leo. Pellentesque ultrices mattis odio. Donec vitae nisi.', 851326570, 1, 'Nappie', 'Ineson', 29277, 'Graedel', 57, '7065153365', 'https://robohash.org/accusantiumnemotempora.png?size=128x128&set=set1', '2018-02-21', '2017-11-02');
insert into provider (user_id, wallet_points, company_name, Description, AFM, is_approved, name, surname, postal_code, street, street_number, phone, photo_link, subscription_expiry_date, registration_date) values (145, 14957, 'Lazzy', 'Vestibulum ac est lacinia nisi venenatis tristique. Fusce congue, diam id ornare imperdiet, sapien urna pretium nisl, ut volutpat sapien arcu sed augue. Aliquam erat volutpat.

In congue. Etiam justo. Etiam pretium iaculis justo.

In hac habitasse platea dictumst. Etiam faucibus cursus urna. Ut tellus.', 851326571, 1, 'Veronica', 'Iffe', 86444, 'Grim', 72, '1051784338', 'https://robohash.org/velmagnamnon.png?size=128x128&set=set1', '2018-03-04', '2017-11-23');
insert into provider (user_id, wallet_points, company_name, Description, AFM, is_approved, name, surname, postal_code, street, street_number, phone, photo_link, subscription_expiry_date, registration_date) values (150, 12907, 'Layo', 'Cras mi pede, malesuada in, imperdiet et, commodo vulputate, justo. In blandit ultrices enim. Lorem ipsum dolor sit amet, consectetuer adipiscing elit.

Proin interdum mauris non ligula pellentesque ultrices. Phasellus id sapien in sapien iaculis congue. Vivamus metus arcu, adipiscing molestie, hendrerit at, vulputate vitae, nisl.

Aenean lectus. Pellentesque eget nunc. Donec quis orci eget orci vehicula condimentum.', 851326572, 1, 'Kassi', 'Fley', 77847, 'Becker', 38, '2527975414', 'https://robohash.org/quiestmagni.png?size=128x128&set=set1', '2018-04-16', '2017-12-18');
insert into provider (user_id, wallet_points, company_name, Description, AFM, is_approved, name, surname, postal_code, street, street_number, phone, photo_link, subscription_expiry_date, registration_date) values (155, 5007, 'Yombu', 'Nullam porttitor lacus at turpis. Donec posuere metus vitae ipsum. Aliquam non mauris.

Morbi non lectus. Aliquam sit amet diam in magna bibendum imperdiet. Nullam orci pede, venenatis non, sodales sed, tincidunt eu, felis.', 851326573, 1, 'Bear', 'Kingswood', 97499, 'Dakota', 123, '9134071949', 'https://robohash.org/magnametvel.png?size=128x128&set=set1', '2018-04-21', '2017-12-18');
insert into provider (user_id, wallet_points, company_name, Description, AFM, is_approved, name, surname, postal_code, street, street_number, phone, photo_link, subscription_expiry_date, registration_date) values (160, 21142, 'Katz', 'Nulla ut erat id mauris vulputate elementum. Nullam varius. Nulla facilisi.

Cras non velit nec nisi vulputate nonummy. Maecenas tincidunt lacus at velit. Vivamus vel nulla eget eros elementum pellentesque.

Quisque porta volutpat erat. Quisque erat eros, viverra eget, congue eget, semper rutrum, nulla. Nunc purus.', 851326574, 1, 'Carissa', 'Pitt', 40350, 'Mifflin', 2, '2153249783', 'https://robohash.org/quiaautsit.png?size=128x128&set=set1', '2018-04-10', '2017-12-24');
insert into provider (user_id, wallet_points, company_name, Description, AFM, is_approved, name, surname, postal_code, street, street_number, phone, photo_link, subscription_expiry_date, registration_date) values (165, 17852, 'Zoombeat', 'Duis bibendum. Morbi non quam nec dui luctus rutrum. Nulla tellus.

In sagittis dui vel nisl. Duis ac nibh. Fusce lacus purus, aliquet at, feugiat non, pretium quis, lectus.', 851326575, 1, 'Quinton', 'Bloschke', 64906, 'Russell', 115, '7003052009', 'https://robohash.org/possimusutsed.png?size=128x128&set=set1', '2018-04-17', '2017-12-11');
insert into provider (user_id, wallet_points, company_name, Description, AFM, is_approved, name, surname, postal_code, street, street_number, phone, photo_link, subscription_expiry_date, registration_date) values (170, 24827, 'Jabberstorm', 'Sed sagittis. Nam congue, risus semper porta volutpat, quam pede lobortis ligula, sit amet eleifend pede libero quis orci. Nullam molestie nibh in lectus.', 851326576, 1, 'Karola', 'Rooksby', 79130, 'Sunfield', 156, '3901819556', 'https://robohash.org/doloresvoluptateconsequatur.png?size=128x128&set=set1', '2018-03-23', '2017-12-24');
insert into provider (user_id, wallet_points, company_name, Description, AFM, is_approved, name, surname, postal_code, street, street_number, phone, photo_link, subscription_expiry_date, registration_date) values (175, 19631, 'Linktype', 'Cras mi pede, malesuada in, imperdiet et, commodo vulputate, justo. In blandit ultrices enim. Lorem ipsum dolor sit amet, consectetuer adipiscing elit.

Proin interdum mauris non ligula pellentesque ultrices. Phasellus id sapien in sapien iaculis congue. Vivamus metus arcu, adipiscing molestie, hendrerit at, vulputate vitae, nisl.', 851326577, 1, 'Ashley', 'Cowland', 61566, 'Twin Pines', 81, '6182938187', 'https://robohash.org/pariaturutdeserunt.png?size=128x128&set=set1', '2018-04-19', '2017-12-05');
insert into provider (user_id, wallet_points, company_name, Description, AFM, is_approved, name, surname, postal_code, street, street_number, phone, photo_link, subscription_expiry_date, registration_date) values (180, 1115, 'Rhynoodle', 'Aliquam quis turpis eget elit sodales scelerisque. Mauris sit amet eros. Suspendisse accumsan tortor quis turpis.

Sed ante. Vivamus tortor. Duis mattis egestas metus.

Aenean fermentum. Donec ut mauris eget massa tempor convallis. Nulla neque libero, convallis eget, eleifend luctus, ultricies eu, nibh.', 851326578, 1, 'Salvatore', 'Hardiker', 54819, 'Moland', 45, '8173118291', 'https://robohash.org/cumquequisuscipit.png?size=128x128&set=set1', '2018-03-26', '2017-11-28');
insert into provider (user_id, wallet_points, company_name, Description, AFM, is_approved, name, surname, postal_code, street, street_number, phone, photo_link, subscription_expiry_date, registration_date) values (185, 23480, 'Brainbox', 'Integer tincidunt ante vel ipsum. Praesent blandit lacinia erat. Vestibulum sed magna at nunc commodo placerat.', 851326579, 1, 'Terese', 'Nobes', 63549, 'Stang', 50, '7865138802', 'https://robohash.org/ullamrerumdeserunt.png?size=128x128&set=set1', '2018-04-21', '2017-12-29');
insert into provider (user_id, wallet_points, company_name, Description, AFM, is_approved, name, surname, postal_code, street, street_number, phone, photo_link, subscription_expiry_date, registration_date) values (190, 29462, 'Oba', 'Fusce consequat. Nulla nisl. Nunc nisl.', 851326580, 1, 'Karyn', 'Gostage', 81022, 'Acker', 57, '5859031018', 'https://robohash.org/itaquesitveniam.png?size=128x128&set=set1', '2018-04-22', '2017-11-08');
insert into provider (user_id, wallet_points, company_name, Description, AFM, is_approved, name, surname, postal_code, street, street_number, phone, photo_link, subscription_expiry_date, registration_date) values (195, 5264, 'Photolist', 'Integer ac leo. Pellentesque ultrices mattis odio. Donec vitae nisi.

Nam ultrices, libero non mattis pulvinar, nulla pede ullamcorper augue, a suscipit nulla elit ac nulla. Sed vel enim sit amet nunc viverra dapibus. Nulla suscipit ligula in lacus.', 851326581, 1, 'Greer', 'Chevolleau', 37480, 'Independence', 60, '1888994659', 'https://robohash.org/sequiquialaboriosam.png?size=128x128&set=set1', '2018-02-21', '2017-12-06');
insert into provider (user_id, wallet_points, company_name, Description, AFM, is_approved, name, surname, postal_code, street, street_number, phone, photo_link, subscription_expiry_date, registration_date) values (200, 14221, 'Bluejam', 'Phasellus in felis. Donec semper sapien a libero. Nam dui.

Proin leo odio, porttitor id, consequat in, consequat ut, nulla. Sed accumsan felis. Ut at dolor quis odio consequat varius.', 851326582, 1, 'Analiese', 'Nelane', 36846, 'Victoria', 62, '4576808735', 'https://robohash.org/quiplaceatvoluptatem.png?size=128x128&set=set1', '2018-04-16', '2017-12-06');
insert into provider (user_id, wallet_points, company_name, Description, AFM, is_approved, name, surname, postal_code, street, street_number, phone, photo_link, subscription_expiry_date, registration_date) values (205, 4799, 'Blogtag', 'Duis aliquam convallis nunc. Proin at turpis a pede posuere nonummy. Integer non velit.', 851326583, 1, 'Rowland', 'Buard', 92399, 'Delladonna', 149, '9226743824', 'https://robohash.org/explicaboadipiscirepellendus.png?size=128x128&set=set1', '2018-04-04', '2017-12-22');
insert into provider (user_id, wallet_points, company_name, Description, AFM, is_approved, name, surname, postal_code, street, street_number, phone, photo_link, subscription_expiry_date, registration_date) values (210, 14674, 'Kwinu', 'In sagittis dui vel nisl. Duis ac nibh. Fusce lacus purus, aliquet at, feugiat non, pretium quis, lectus.', 851326584, 1, 'Kelcey', 'Perrycost', 27634, 'Parkside', 158, '3141328419', 'https://robohash.org/ducimustotamnam.png?size=128x128&set=set1', '2018-03-25', '2017-12-28');
insert into provider (user_id, wallet_points, company_name, Description, AFM, is_approved, name, surname, postal_code, street, street_number, phone, photo_link, subscription_expiry_date, registration_date) values (215, 25684, 'Youbridge', 'Aenean fermentum. Donec ut mauris eget massa tempor convallis. Nulla neque libero, convallis eget, eleifend luctus, ultricies eu, nibh.', 851326585, 1, 'Gage', 'Cartledge', 22019, 'Merchant', 11, '3718960592', 'https://robohash.org/etutneque.png?size=128x128&set=set1', '2018-04-26', '2017-12-06');
insert into provider (user_id, wallet_points, company_name, Description, AFM, is_approved, name, surname, postal_code, street, street_number, phone, photo_link, subscription_expiry_date, registration_date) values (220, 14034, 'Ntag', 'Vestibulum ac est lacinia nisi venenatis tristique. Fusce congue, diam id ornare imperdiet, sapien urna pretium nisl, ut volutpat sapien arcu sed augue. Aliquam erat volutpat.', 851326586, 1, 'Lauralee', 'Sleany', 68481, 'Raven', 82, '1846425201', 'https://robohash.org/temporanonasperiores.png?size=128x128&set=set1', '2018-02-28', '2017-12-18');
insert into provider (user_id, wallet_points, company_name, Description, AFM, is_approved, name, surname, postal_code, street, street_number, phone, photo_link, subscription_expiry_date, registration_date) values (225, 23429, 'InnoZ', 'Curabitur in libero ut massa volutpat convallis. Morbi odio odio, elementum eu, interdum eu, tincidunt in, leo. Maecenas pulvinar lobortis est.

Phasellus sit amet erat. Nulla tempus. Vivamus in felis eu sapien cursus vestibulum.

Proin eu mi. Nulla ac enim. In tempor, turpis nec euismod scelerisque, quam turpis adipiscing lorem, vitae mattis nibh ligula nec sem.', 851326587, 1, 'Lyndsey', 'Americi', 17830, 'Buena Vista', 128, '9026663437', 'https://robohash.org/quisoptiovoluptatem.png?size=128x128&set=set1', '2018-04-22', '2017-11-15');
insert into provider (user_id, wallet_points, company_name, Description, AFM, is_approved, name, surname, postal_code, street, street_number, phone, photo_link, subscription_expiry_date, registration_date) values (230, 1590, 'Jetwire', 'Proin leo odio, porttitor id, consequat in, consequat ut, nulla. Sed accumsan felis. Ut at dolor quis odio consequat varius.

Integer ac leo. Pellentesque ultrices mattis odio. Donec vitae nisi.

Nam ultrices, libero non mattis pulvinar, nulla pede ullamcorper augue, a suscipit nulla elit ac nulla. Sed vel enim sit amet nunc viverra dapibus. Nulla suscipit ligula in lacus.', 851326588, 1, 'Alfy', 'Disney', 39081, 'Towne', 47, '5209381259', 'https://robohash.org/etvoluptasmodi.png?size=128x128&set=set1', '2018-04-19', '2017-11-11');
insert into provider (user_id, wallet_points, company_name, Description, AFM, is_approved, name, surname, postal_code, street, street_number, phone, photo_link, subscription_expiry_date, registration_date) values (235, 17514, 'Meevee', 'Duis consequat dui nec nisi volutpat eleifend. Donec ut dolor. Morbi vel lectus in quam fringilla rhoncus.

Mauris enim leo, rhoncus sed, vestibulum sit amet, cursus id, turpis. Integer aliquet, massa id lobortis convallis, tortor risus dapibus augue, vel accumsan tellus nisi eu orci. Mauris lacinia sapien quis libero.

Nullam sit amet turpis elementum ligula vehicula consequat. Morbi a ipsum. Integer a nibh.', 851326589, 1, 'Jessie', 'Jellyman', 11360, 'Sycamore', 10, '7578104470', 'https://robohash.org/etenimaut.png?size=128x128&set=set1', '2018-03-29', '2017-11-19');
insert into provider (user_id, wallet_points, company_name, Description, AFM, is_approved, name, surname, postal_code, street, street_number, phone, photo_link, subscription_expiry_date, registration_date) values (240, 142, 'Youbridge', 'Duis aliquam convallis nunc. Proin at turpis a pede posuere nonummy. Integer non velit.

Donec diam neque, vestibulum eget, vulputate ut, ultrices vel, augue. Vestibulum ante ipsum primis in faucibus orci luctus et ultrices posuere cubilia Curae; Donec pharetra, magna vestibulum aliquet ultrices, erat tortor sollicitudin mi, sit amet lobortis sapien sapien non mi. Integer ac neque.', 851326590, 1, 'Dulci', 'Keenlyside', 21553, 'Mallard', 148, '2608492709', 'https://robohash.org/sequiconsecteturet.png?size=128x128&set=set1', '2018-04-25', '2017-12-15');
insert into provider (user_id, wallet_points, company_name, Description, AFM, is_approved, name, surname, postal_code, street, street_number, phone, photo_link, subscription_expiry_date, registration_date) values (245, 26584, 'Devcast', 'Suspendisse potenti. In eleifend quam a odio. In hac habitasse platea dictumst.', 851326591, 1, 'Millard', 'Baulk', 89705, 'Kennedy', 96, '7704855477', 'https://robohash.org/laboriosamdeseruntnostrum.png?size=128x128&set=set1', '2018-04-03', '2017-11-06');
insert into provider (user_id, wallet_points, company_name, Description, AFM, is_approved, name, surname, postal_code, street, street_number, phone, photo_link, subscription_expiry_date, registration_date) values (250, 21315, 'Rhyzio', 'Integer tincidunt ante vel ipsum. Praesent blandit lacinia erat. Vestibulum sed magna at nunc commodo placerat.

Praesent blandit. Nam nulla. Integer pede justo, lacinia eget, tincidunt eget, tempus vel, pede.

Morbi porttitor lorem id ligula. Suspendisse ornare consequat lectus. In est risus, auctor sed, tristique in, tempus sit amet, sem.', 851326592, 1, 'Josiah', 'Paynton', 59532, 'Merry', 34, '9176950139', 'https://robohash.org/eiusmollitianam.png?size=128x128&set=set1', '2018-04-12', '2017-12-08');




insert into category (id, name) values (1, '');
insert into category (id, name) values (2, '');
insert into category (id, name) values (3, '');
insert into category (id, name) values (4, '');
insert into category (id, name) values (5, '');
insert into category (id, name) values (6, '');




insert into event (id, provider_user_id, category_id, title, description, tags, age_from, age_to, latitude, longtitude, postal_code, street, street_number, date_time, ticket_price, total_tickets, available_tickets, is_active) values (1, 55, 4, '36 fillette', 'Nullam porttitor lacus at turpis. Donec posuere metus vitae ipsum. Aliquam non mauris.

Morbi non lectus. Aliquam sit amet diam in magna bibendum imperdiet. Nullam orci pede, venenatis non, sodales sed, tincidunt eu, felis.', 'semper rutrum nulla nunc purus phasellus in felis donec', 2, 11, 38.000187, 23.747516, 56952, 'Bartillon', 86, '2018-04-06 17:16:00', 10.06, 203, 203, 1);
insert into event (id, provider_user_id, category_id, title, description, tags, age_from, age_to, latitude, longtitude, postal_code, street, street_number, date_time, ticket_price, total_tickets, available_tickets, is_active) values (2, 145, 5, 'Middle Men', 'Maecenas tristique, est et tempus semper, est quam pharetra magna, ac consequat metus sapien ut nunc. Vestibulum ante ipsum primis in faucibus orci luctus et ultrices posuere cubilia Curae; Mauris viverra diam vitae quam. Suspendisse potenti.', 'sit amet justo morbi ut', 6, 12, 38.005446, 23.802676, 12226, 'Daystar', 116, '2018-04-06 17:56:49', 23.02, 164, 164, 0);
insert into event (id, provider_user_id, category_id, title, description, tags, age_from, age_to, latitude, longtitude, postal_code, street, street_number, date_time, ticket_price, total_tickets, available_tickets, is_active) values (3, 205, 5, 'Saving God', 'Curabitur in libero ut massa volutpat convallis. Morbi odio odio, elementum eu, interdum eu, tincidunt in, leo. Maecenas pulvinar lobortis est.

Phasellus sit amet erat. Nulla tempus. Vivamus in felis eu sapien cursus vestibulum.

Proin eu mi. Nulla ac enim. In tempor, turpis nec euismod scelerisque, quam turpis adipiscing lorem, vitae mattis nibh ligula nec sem.', 'suspendisse potenti nullam porttitor lacus', 6, 12, 37.956031, 23.736641, 32300, 'Ryan', 148, '2018-03-18 05:49:51', 11.0, 155, 155, 0);
insert into event (id, provider_user_id, category_id, title, description, tags, age_from, age_to, latitude, longtitude, postal_code, street, street_number, date_time, ticket_price, total_tickets, available_tickets, is_active) values (4, 145, 4, '711 Ocean Drive', 'Integer ac leo. Pellentesque ultrices mattis odio. Donec vitae nisi.

Nam ultrices, libero non mattis pulvinar, nulla pede ullamcorper augue, a suscipit nulla elit ac nulla. Sed vel enim sit amet nunc viverra dapibus. Nulla suscipit ligula in lacus.

Curabitur at ipsum ac tellus semper interdum. Mauris ullamcorper purus sit amet nulla. Quisque arcu libero, rutrum ac, lobortis vel, dapibus at, diam.', 'aenean auctor gravida sem praesent id massa', 2, 17, 38.040602, 23.663419, 80127, 'Dawn', 73, '2018-03-06 06:14:49', 22.52, 117, 117, 1);
insert into event (id, provider_user_id, category_id, title, description, tags, age_from, age_to, latitude, longtitude, postal_code, street, street_number, date_time, ticket_price, total_tickets, available_tickets, is_active) values (5, 250, 1, 'Snake and Mongoose', 'Morbi non lectus. Aliquam sit amet diam in magna bibendum imperdiet. Nullam orci pede, venenatis non, sodales sed, tincidunt eu, felis.

Fusce posuere felis sed lacus. Morbi sem mauris, laoreet ut, rhoncus aliquet, pulvinar sed, nisl. Nunc rhoncus dui vel sem.', 'viverra pede ac diam cras pellentesque volutpat dui', 8, 10, 38.028495, 23.704821, 10996, 'Continental', 16, '2018-05-02 10:58:20', 20.77, 180, 180, 0);
insert into event (id, provider_user_id, category_id, title, description, tags, age_from, age_to, latitude, longtitude, postal_code, street, street_number, date_time, ticket_price, total_tickets, available_tickets, is_active) values (6, 105, 1, 'Plastic Bag', 'Lorem ipsum dolor sit amet, consectetuer adipiscing elit. Proin risus. Praesent lectus.

Vestibulum quam sapien, varius ut, blandit non, interdum in, ante. Vestibulum ante ipsum primis in faucibus orci luctus et ultrices posuere cubilia Curae; Duis faucibus accumsan odio. Curabitur convallis.

Duis consequat dui nec nisi volutpat eleifend. Donec ut dolor. Morbi vel lectus in quam fringilla rhoncus.', 'justo lacinia eget tincidunt eget tempus vel pede morbi porttitor', 1, 13, 38.037503, 23.783668, 93101, 'Moulton', 148, '2018-03-03 18:04:37', 12.31, 171, 171, 0);
insert into event (id, provider_user_id, category_id, title, description, tags, age_from, age_to, latitude, longtitude, postal_code, street, street_number, date_time, ticket_price, total_tickets, available_tickets, is_active) values (7, 100, 3, 'Zach Galifianakis: Live at the Purple Onion', 'Praesent blandit. Nam nulla. Integer pede justo, lacinia eget, tincidunt eget, tempus vel, pede.

Morbi porttitor lorem id ligula. Suspendisse ornare consequat lectus. In est risus, auctor sed, tristique in, tempus sit amet, sem.

Fusce consequat. Nulla nisl. Nunc nisl.', 'ultrices posuere cubilia curae nulla dapibus dolor vel', 8, 15, 38.043154, 23.776502, 85427, 'Novick', 17, '2018-03-15 11:20:12', 14.37, 299, 299, 1);
insert into event (id, provider_user_id, category_id, title, description, tags, age_from, age_to, latitude, longtitude, postal_code, street, street_number, date_time, ticket_price, total_tickets, available_tickets, is_active) values (8, 200, 5, 'Tyler Perry''s Why Did I Get Married Too?', 'Integer ac leo. Pellentesque ultrices mattis odio. Donec vitae nisi.

Nam ultrices, libero non mattis pulvinar, nulla pede ullamcorper augue, a suscipit nulla elit ac nulla. Sed vel enim sit amet nunc viverra dapibus. Nulla suscipit ligula in lacus.

Curabitur at ipsum ac tellus semper interdum. Mauris ullamcorper purus sit amet nulla. Quisque arcu libero, rutrum ac, lobortis vel, dapibus at, diam.', 'hendrerit at vulputate vitae', 3, 16, 37.962995, 23.77562, 69699, 'Northwestern', 55, '2018-03-07 01:29:10', 18.14, 173, 173, 0);
insert into event (id, provider_user_id, category_id, title, description, tags, age_from, age_to, latitude, longtitude, postal_code, street, street_number, date_time, ticket_price, total_tickets, available_tickets, is_active) values (9, 45, 4, 'Cruel Intentions 3', 'Nam ultrices, libero non mattis pulvinar, nulla pede ullamcorper augue, a suscipit nulla elit ac nulla. Sed vel enim sit amet nunc viverra dapibus. Nulla suscipit ligula in lacus.

Curabitur at ipsum ac tellus semper interdum. Mauris ullamcorper purus sit amet nulla. Quisque arcu libero, rutrum ac, lobortis vel, dapibus at, diam.', 'congue risus semper porta volutpat quam pede lobortis ligula', 3, 11, 38.038483, 23.694951, 28258, 'Prentice', 65, '2018-04-18 14:38:32', 24.13, 276, 276, 1);
insert into event (id, provider_user_id, category_id, title, description, tags, age_from, age_to, latitude, longtitude, postal_code, street, street_number, date_time, ticket_price, total_tickets, available_tickets, is_active) values (10, 85, 5, 'Dead End', 'Lorem ipsum dolor sit amet, consectetuer adipiscing elit. Proin risus. Praesent lectus.', 'congue risus semper porta volutpat', 2, 17, 38.040758, 23.813502, 88511, 'Brown', 15, '2018-03-22 16:39:00', 12.18, 92, 92, 1);
insert into event (id, provider_user_id, category_id, title, description, tags, age_from, age_to, latitude, longtitude, postal_code, street, street_number, date_time, ticket_price, total_tickets, available_tickets, is_active) values (11, 190, 2, 'Happy Together (a.k.a. Buenos Aires Affair) (Chun gwong cha sit)', 'Proin interdum mauris non ligula pellentesque ultrices. Phasellus id sapien in sapien iaculis congue. Vivamus metus arcu, adipiscing molestie, hendrerit at, vulputate vitae, nisl.

Aenean lectus. Pellentesque eget nunc. Donec quis orci eget orci vehicula condimentum.', 'nulla nunc purus phasellus in felis', 4, 17, 38.003497, 23.802593, 51353, 'Maple Wood', 7, '2018-02-23 08:19:56', 19.83, 275, 275, 1);
insert into event (id, provider_user_id, category_id, title, description, tags, age_from, age_to, latitude, longtitude, postal_code, street, street_number, date_time, ticket_price, total_tickets, available_tickets, is_active) values (12, 50, 5, 'Wounds, The (Rane)', 'Pellentesque at nulla. Suspendisse potenti. Cras in purus eu magna vulputate luctus.', 'viverra pede ac diam cras pellentesque volutpat dui maecenas', 8, 12, 37.988329, 23.777317, 30865, 'Clarendon', 126, '2018-03-22 14:22:06', 14.47, 218, 218, 0);
insert into event (id, provider_user_id, category_id, title, description, tags, age_from, age_to, latitude, longtitude, postal_code, street, street_number, date_time, ticket_price, total_tickets, available_tickets, is_active) values (13, 125, 3, 'Harry Potter and the Order of the Phoenix', 'Integer tincidunt ante vel ipsum. Praesent blandit lacinia erat. Vestibulum sed magna at nunc commodo placerat.

Praesent blandit. Nam nulla. Integer pede justo, lacinia eget, tincidunt eget, tempus vel, pede.', 'phasellus in felis donec semper sapien a libero nam', 6, 10, 38.034735, 23.739024, 85420, 'Twin Pines', 115, '2018-04-26 16:39:04', 14.78, 202, 202, 0);
insert into event (id, provider_user_id, category_id, title, description, tags, age_from, age_to, latitude, longtitude, postal_code, street, street_number, date_time, ticket_price, total_tickets, available_tickets, is_active) values (14, 105, 6, 'Old Joy', 'Mauris enim leo, rhoncus sed, vestibulum sit amet, cursus id, turpis. Integer aliquet, massa id lobortis convallis, tortor risus dapibus augue, vel accumsan tellus nisi eu orci. Mauris lacinia sapien quis libero.

Nullam sit amet turpis elementum ligula vehicula consequat. Morbi a ipsum. Integer a nibh.

In quis justo. Maecenas rhoncus aliquam lacus. Morbi quis tortor id nulla ultrices aliquet.', 'sit amet diam in magna bibendum imperdiet nullam', 5, 17, 37.983664, 23.626211, 93254, 'Monterey', 87, '2018-04-24 12:52:11', 19.04, 274, 274, 1);
insert into event (id, provider_user_id, category_id, title, description, tags, age_from, age_to, latitude, longtitude, postal_code, street, street_number, date_time, ticket_price, total_tickets, available_tickets, is_active) values (15, 25, 6, 'This Ain''t California', 'In hac habitasse platea dictumst. Etiam faucibus cursus urna. Ut tellus.

Nulla ut erat id mauris vulputate elementum. Nullam varius. Nulla facilisi.

Cras non velit nec nisi vulputate nonummy. Maecenas tincidunt lacus at velit. Vivamus vel nulla eget eros elementum pellentesque.', 'dolor sit amet consectetuer adipiscing elit proin interdum mauris', 1, 16, 38.027321, 23.818612, 92902, 'Hoepker', 49, '2018-03-03 05:22:51', 20.41, 287, 287, 0);
insert into event (id, provider_user_id, category_id, title, description, tags, age_from, age_to, latitude, longtitude, postal_code, street, street_number, date_time, ticket_price, total_tickets, available_tickets, is_active) values (16, 60, 1, 'Mephisto', 'Aliquam quis turpis eget elit sodales scelerisque. Mauris sit amet eros. Suspendisse accumsan tortor quis turpis.

Sed ante. Vivamus tortor. Duis mattis egestas metus.', 'ac nibh fusce lacus purus', 4, 13, 38.052902, 23.789884, 22292, 'Nancy', 19, '2018-04-25 19:36:26', 21.03, 246, 246, 1);
insert into event (id, provider_user_id, category_id, title, description, tags, age_from, age_to, latitude, longtitude, postal_code, street, street_number, date_time, ticket_price, total_tickets, available_tickets, is_active) values (17, 130, 5, 'Split, The', 'In sagittis dui vel nisl. Duis ac nibh. Fusce lacus purus, aliquet at, feugiat non, pretium quis, lectus.

Suspendisse potenti. In eleifend quam a odio. In hac habitasse platea dictumst.

Maecenas ut massa quis augue luctus tincidunt. Nulla mollis molestie lorem. Quisque ut erat.', 'libero nullam sit amet turpis elementum ligula', 3, 10, 38.059576, 23.742469, 14126, 'Spaight', 135, '2018-02-21 05:10:16', 24.53, 118, 118, 0);
insert into event (id, provider_user_id, category_id, title, description, tags, age_from, age_to, latitude, longtitude, postal_code, street, street_number, date_time, ticket_price, total_tickets, available_tickets, is_active) values (18, 20, 2, 'Two Bits', 'Aliquam quis turpis eget elit sodales scelerisque. Mauris sit amet eros. Suspendisse accumsan tortor quis turpis.

Sed ante. Vivamus tortor. Duis mattis egestas metus.', 'suscipit a feugiat et eros', 2, 13, 38.011546, 23.658016, 89323, 'Oakridge', 108, '2018-04-19 07:50:56', 23.64, 89, 89, 1);
insert into event (id, provider_user_id, category_id, title, description, tags, age_from, age_to, latitude, longtitude, postal_code, street, street_number, date_time, ticket_price, total_tickets, available_tickets, is_active) values (19, 130, 3, '(A)sexual', 'Integer tincidunt ante vel ipsum. Praesent blandit lacinia erat. Vestibulum sed magna at nunc commodo placerat.

Praesent blandit. Nam nulla. Integer pede justo, lacinia eget, tincidunt eget, tempus vel, pede.', 'ligula sit amet eleifend pede libero quis orci nullam', 2, 14, 38.051927, 23.812438, 91245, 'Fremont', 63, '2018-03-30 02:13:11', 8.84, 148, 148, 0);
insert into event (id, provider_user_id, category_id, title, description, tags, age_from, age_to, latitude, longtitude, postal_code, street, street_number, date_time, ticket_price, total_tickets, available_tickets, is_active) values (20, 5, 6, 'Great Race, The', 'Phasellus in felis. Donec semper sapien a libero. Nam dui.', 'pellentesque at nulla suspendisse potenti cras in purus eu magna', 3, 13, 38.008936, 23.714187, 26873, 'Northport', 83, '2018-04-09 05:58:23', 16.07, 178, 178, 0);
insert into event (id, provider_user_id, category_id, title, description, tags, age_from, age_to, latitude, longtitude, postal_code, street, street_number, date_time, ticket_price, total_tickets, available_tickets, is_active) values (21, 215, 2, 'Sheep Eaters (Lampaansyjt)', 'Curabitur gravida nisi at nibh. In hac habitasse platea dictumst. Aliquam augue quam, sollicitudin vitae, consectetuer eget, rutrum at, lorem.

Integer tincidunt ante vel ipsum. Praesent blandit lacinia erat. Vestibulum sed magna at nunc commodo placerat.', 'ligula pellentesque ultrices phasellus', 4, 14, 37.975471, 23.730401, 89707, 'Hollow Ridge', 131, '2018-03-10 05:53:22', 13.91, 49, 49, 0);
insert into event (id, provider_user_id, category_id, title, description, tags, age_from, age_to, latitude, longtitude, postal_code, street, street_number, date_time, ticket_price, total_tickets, available_tickets, is_active) values (22, 115, 2, 'Christmas Carol, A', 'Vestibulum quam sapien, varius ut, blandit non, interdum in, ante. Vestibulum ante ipsum primis in faucibus orci luctus et ultrices posuere cubilia Curae; Duis faucibus accumsan odio. Curabitur convallis.

Duis consequat dui nec nisi volutpat eleifend. Donec ut dolor. Morbi vel lectus in quam fringilla rhoncus.

Mauris enim leo, rhoncus sed, vestibulum sit amet, cursus id, turpis. Integer aliquet, massa id lobortis convallis, tortor risus dapibus augue, vel accumsan tellus nisi eu orci. Mauris lacinia sapien quis libero.', 'in tempor turpis nec euismod scelerisque quam turpis adipiscing', 7, 11, 37.976275, 23.739832, 24962, 'Briar Crest', 147, '2018-03-12 00:36:56', 19.08, 90, 90, 0);
insert into event (id, provider_user_id, category_id, title, description, tags, age_from, age_to, latitude, longtitude, postal_code, street, street_number, date_time, ticket_price, total_tickets, available_tickets, is_active) values (23, 135, 2, 'Soloist, The', 'In hac habitasse platea dictumst. Morbi vestibulum, velit id pretium iaculis, diam erat fermentum justo, nec condimentum neque sapien placerat ante. Nulla justo.

Aliquam quis turpis eget elit sodales scelerisque. Mauris sit amet eros. Suspendisse accumsan tortor quis turpis.

Sed ante. Vivamus tortor. Duis mattis egestas metus.', 'ridiculus mus etiam vel augue vestibulum rutrum rutrum neque', 4, 14, 37.977742, 23.74894, 70467, 'Beilfuss', 53, '2018-04-18 22:37:08', 15.29, 212, 212, 1);
insert into event (id, provider_user_id, category_id, title, description, tags, age_from, age_to, latitude, longtitude, postal_code, street, street_number, date_time, ticket_price, total_tickets, available_tickets, is_active) values (24, 30, 4, '61*', 'Sed ante. Vivamus tortor. Duis mattis egestas metus.

Aenean fermentum. Donec ut mauris eget massa tempor convallis. Nulla neque libero, convallis eget, eleifend luctus, ultricies eu, nibh.

Quisque id justo sit amet sapien dignissim vestibulum. Vestibulum ante ipsum primis in faucibus orci luctus et ultrices posuere cubilia Curae; Nulla dapibus dolor vel est. Donec odio justo, sollicitudin ut, suscipit a, feugiat et, eros.', 'vel augue vestibulum rutrum rutrum neque aenean auctor', 6, 16, 38.063326, 23.745646, 92796, 'Monica', 73, '2018-04-26 10:26:36', 12.02, 238, 238, 1);
insert into event (id, provider_user_id, category_id, title, description, tags, age_from, age_to, latitude, longtitude, postal_code, street, street_number, date_time, ticket_price, total_tickets, available_tickets, is_active) values (25, 65, 3, 'Cosmonaut, The', 'Nulla ut erat id mauris vulputate elementum. Nullam varius. Nulla facilisi.

Cras non velit nec nisi vulputate nonummy. Maecenas tincidunt lacus at velit. Vivamus vel nulla eget eros elementum pellentesque.

Quisque porta volutpat erat. Quisque erat eros, viverra eget, congue eget, semper rutrum, nulla. Nunc purus.', 'adipiscing lorem vitae mattis nibh', 1, 10, 38.019604, 23.637265, 60084, 'Anzinger', 111, '2018-03-15 15:21:33', 6.54, 77, 77, 0);
insert into event (id, provider_user_id, category_id, title, description, tags, age_from, age_to, latitude, longtitude, postal_code, street, street_number, date_time, ticket_price, total_tickets, available_tickets, is_active) values (26, 165, 5, 'Simon', 'Aenean fermentum. Donec ut mauris eget massa tempor convallis. Nulla neque libero, convallis eget, eleifend luctus, ultricies eu, nibh.

Quisque id justo sit amet sapien dignissim vestibulum. Vestibulum ante ipsum primis in faucibus orci luctus et ultrices posuere cubilia Curae; Nulla dapibus dolor vel est. Donec odio justo, sollicitudin ut, suscipit a, feugiat et, eros.

Vestibulum ac est lacinia nisi venenatis tristique. Fusce congue, diam id ornare imperdiet, sapien urna pretium nisl, ut volutpat sapien arcu sed augue. Aliquam erat volutpat.', 'vestibulum aliquet ultrices erat tortor', 7, 18, 37.982775, 23.720339, 82104, 'Shoshone', 89, '2018-04-06 14:36:44', 23.07, 165, 165, 1);
insert into event (id, provider_user_id, category_id, title, description, tags, age_from, age_to, latitude, longtitude, postal_code, street, street_number, date_time, ticket_price, total_tickets, available_tickets, is_active) values (27, 120, 3, 'Stop! Or My Mom Will Shoot', 'Cum sociis natoque penatibus et magnis dis parturient montes, nascetur ridiculus mus. Vivamus vestibulum sagittis sapien. Cum sociis natoque penatibus et magnis dis parturient montes, nascetur ridiculus mus.', 'leo odio condimentum id luctus', 2, 9, 37.976928, 23.817423, 30866, 'Elgar', 112, '2018-02-28 21:14:39', 7.81, 152, 152, 0);
insert into event (id, provider_user_id, category_id, title, description, tags, age_from, age_to, latitude, longtitude, postal_code, street, street_number, date_time, ticket_price, total_tickets, available_tickets, is_active) values (28, 125, 6, 'Gojoe: Spirit War Chronicle (Gojo reisenki: Gojoe)', 'Integer tincidunt ante vel ipsum. Praesent blandit lacinia erat. Vestibulum sed magna at nunc commodo placerat.

Praesent blandit. Nam nulla. Integer pede justo, lacinia eget, tincidunt eget, tempus vel, pede.', 'sollicitudin vitae consectetuer eget rutrum at lorem integer tincidunt', 6, 9, 38.021987, 23.742556, 59025, 'Rockefeller', 100, '2018-04-30 08:44:30', 24.41, 95, 95, 1);
insert into event (id, provider_user_id, category_id, title, description, tags, age_from, age_to, latitude, longtitude, postal_code, street, street_number, date_time, ticket_price, total_tickets, available_tickets, is_active) values (29, 85, 6, 'Doctor, The', 'Cras non velit nec nisi vulputate nonummy. Maecenas tincidunt lacus at velit. Vivamus vel nulla eget eros elementum pellentesque.

Quisque porta volutpat erat. Quisque erat eros, viverra eget, congue eget, semper rutrum, nulla. Nunc purus.', 'aliquet pulvinar sed nisl nunc rhoncus dui vel sem', 1, 14, 37.981544, 23.812168, 68445, 'Ridgeway', 118, '2018-02-25 12:52:52', 8.39, 79, 79, 1);
insert into event (id, provider_user_id, category_id, title, description, tags, age_from, age_to, latitude, longtitude, postal_code, street, street_number, date_time, ticket_price, total_tickets, available_tickets, is_active) values (30, 200, 6, 'Pollock', 'Pellentesque at nulla. Suspendisse potenti. Cras in purus eu magna vulputate luctus.

Cum sociis natoque penatibus et magnis dis parturient montes, nascetur ridiculus mus. Vivamus vestibulum sagittis sapien. Cum sociis natoque penatibus et magnis dis parturient montes, nascetur ridiculus mus.', 'rhoncus sed vestibulum sit amet', 3, 9, 38.008856, 23.62878, 40058, 'Paget', 26, '2018-03-20 06:19:29', 8.09, 190, 190, 0);
insert into event (id, provider_user_id, category_id, title, description, tags, age_from, age_to, latitude, longtitude, postal_code, street, street_number, date_time, ticket_price, total_tickets, available_tickets, is_active) values (31, 170, 4, 'Russell Peters: Red, White and Brown', 'Phasellus in felis. Donec semper sapien a libero. Nam dui.

Proin leo odio, porttitor id, consequat in, consequat ut, nulla. Sed accumsan felis. Ut at dolor quis odio consequat varius.', 'cum sociis natoque penatibus et', 7, 18, 38.001649, 23.717185, 59813, 'Gina', 7, '2018-03-08 22:34:46', 6.02, 120, 120, 1);
insert into event (id, provider_user_id, category_id, title, description, tags, age_from, age_to, latitude, longtitude, postal_code, street, street_number, date_time, ticket_price, total_tickets, available_tickets, is_active) values (32, 10, 5, 'Malice N Wonderland', 'Quisque porta volutpat erat. Quisque erat eros, viverra eget, congue eget, semper rutrum, nulla. Nunc purus.

Phasellus in felis. Donec semper sapien a libero. Nam dui.

Proin leo odio, porttitor id, consequat in, consequat ut, nulla. Sed accumsan felis. Ut at dolor quis odio consequat varius.', 'tempus vel pede morbi porttitor lorem id ligula suspendisse ornare', 4, 12, 38.019209, 23.771493, 40545, 'Northwestern', 51, '2018-04-15 05:36:37', 22.2, 152, 152, 0);
insert into event (id, provider_user_id, category_id, title, description, tags, age_from, age_to, latitude, longtitude, postal_code, street, street_number, date_time, ticket_price, total_tickets, available_tickets, is_active) values (33, 200, 5, 'Trog', 'Praesent id massa id nisl venenatis lacinia. Aenean sit amet justo. Morbi ut odio.

Cras mi pede, malesuada in, imperdiet et, commodo vulputate, justo. In blandit ultrices enim. Lorem ipsum dolor sit amet, consectetuer adipiscing elit.', 'sollicitudin ut suscipit a', 3, 17, 38.063516, 23.78637, 43409, 'Ohio', 8, '2018-02-27 14:39:58', 16.9, 63, 63, 0);
insert into event (id, provider_user_id, category_id, title, description, tags, age_from, age_to, latitude, longtitude, postal_code, street, street_number, date_time, ticket_price, total_tickets, available_tickets, is_active) values (34, 105, 3, 'Wrath of the Titans', 'Duis consequat dui nec nisi volutpat eleifend. Donec ut dolor. Morbi vel lectus in quam fringilla rhoncus.', 'amet sapien dignissim', 2, 14, 38.010537, 23.636992, 95900, 'Rusk', 32, '2018-03-02 03:23:48', 24.18, 214, 214, 0);
insert into event (id, provider_user_id, category_id, title, description, tags, age_from, age_to, latitude, longtitude, postal_code, street, street_number, date_time, ticket_price, total_tickets, available_tickets, is_active) values (35, 60, 3, 'Dinner, The (Diner, Het)', 'In congue. Etiam justo. Etiam pretium iaculis justo.', 'habitasse platea dictumst etiam faucibus cursus urna', 8, 17, 37.980721, 23.74298, 36195, 'Fulton', 58, '2018-03-19 23:03:29', 13.49, 196, 196, 1);
insert into event (id, provider_user_id, category_id, title, description, tags, age_from, age_to, latitude, longtitude, postal_code, street, street_number, date_time, ticket_price, total_tickets, available_tickets, is_active) values (36, 195, 2, 'Trial of the Incredible Hulk, The', 'Phasellus in felis. Donec semper sapien a libero. Nam dui.', 'in hac habitasse platea dictumst morbi vestibulum velit', 3, 18, 37.989357, 23.644283, 97065, 'Bunting', 156, '2018-03-03 15:05:33', 17.42, 158, 158, 0);
insert into event (id, provider_user_id, category_id, title, description, tags, age_from, age_to, latitude, longtitude, postal_code, street, street_number, date_time, ticket_price, total_tickets, available_tickets, is_active) values (37, 110, 4, '50 Children: The Rescue Mission of Mr. And Mrs. Kraus', 'Mauris enim leo, rhoncus sed, vestibulum sit amet, cursus id, turpis. Integer aliquet, massa id lobortis convallis, tortor risus dapibus augue, vel accumsan tellus nisi eu orci. Mauris lacinia sapien quis libero.

Nullam sit amet turpis elementum ligula vehicula consequat. Morbi a ipsum. Integer a nibh.

In quis justo. Maecenas rhoncus aliquam lacus. Morbi quis tortor id nulla ultrices aliquet.', 'cursus vestibulum proin eu', 6, 9, 38.019528, 23.639511, 79919, 'Warner', 18, '2018-03-13 16:52:44', 5.9, 182, 182, 1);
insert into event (id, provider_user_id, category_id, title, description, tags, age_from, age_to, latitude, longtitude, postal_code, street, street_number, date_time, ticket_price, total_tickets, available_tickets, is_active) values (38, 40, 1, 'Tillman Story, The', 'Cras mi pede, malesuada in, imperdiet et, commodo vulputate, justo. In blandit ultrices enim. Lorem ipsum dolor sit amet, consectetuer adipiscing elit.

Proin interdum mauris non ligula pellentesque ultrices. Phasellus id sapien in sapien iaculis congue. Vivamus metus arcu, adipiscing molestie, hendrerit at, vulputate vitae, nisl.', 'ut tellus nulla ut erat id mauris vulputate elementum', 6, 10, 38.045899, 23.786905, 40870, 'Holmberg', 42, '2018-03-24 02:59:35', 15.84, 29, 29, 0);
insert into event (id, provider_user_id, category_id, title, description, tags, age_from, age_to, latitude, longtitude, postal_code, street, street_number, date_time, ticket_price, total_tickets, available_tickets, is_active) values (39, 175, 5, 'Next Man, The', 'Sed ante. Vivamus tortor. Duis mattis egestas metus.

Aenean fermentum. Donec ut mauris eget massa tempor convallis. Nulla neque libero, convallis eget, eleifend luctus, ultricies eu, nibh.

Quisque id justo sit amet sapien dignissim vestibulum. Vestibulum ante ipsum primis in faucibus orci luctus et ultrices posuere cubilia Curae; Nulla dapibus dolor vel est. Donec odio justo, sollicitudin ut, suscipit a, feugiat et, eros.', 'in hac habitasse platea dictumst etiam faucibus cursus urna', 7, 18, 37.960071, 23.81069, 69959, 'Sauthoff', 150, '2018-04-28 22:21:46', 8.17, 126, 126, 1);
insert into event (id, provider_user_id, category_id, title, description, tags, age_from, age_to, latitude, longtitude, postal_code, street, street_number, date_time, ticket_price, total_tickets, available_tickets, is_active) values (40, 250, 2, '40 Pounds of Trouble', 'Morbi porttitor lorem id ligula. Suspendisse ornare consequat lectus. In est risus, auctor sed, tristique in, tempus sit amet, sem.

Fusce consequat. Nulla nisl. Nunc nisl.

Duis bibendum, felis sed interdum venenatis, turpis enim blandit mi, in porttitor pede justo eu massa. Donec dapibus. Duis at velit eu est congue elementum.', 'eros elementum pellentesque quisque porta volutpat erat', 8, 10, 37.985517, 23.810498, 49199, 'Kenwood', 98, '2018-04-03 12:46:04', 5.77, 146, 146, 1);
insert into event (id, provider_user_id, category_id, title, description, tags, age_from, age_to, latitude, longtitude, postal_code, street, street_number, date_time, ticket_price, total_tickets, available_tickets, is_active) values (41, 235, 3, 'Place of One''s Own, A', 'Nulla ut erat id mauris vulputate elementum. Nullam varius. Nulla facilisi.

Cras non velit nec nisi vulputate nonummy. Maecenas tincidunt lacus at velit. Vivamus vel nulla eget eros elementum pellentesque.

Quisque porta volutpat erat. Quisque erat eros, viverra eget, congue eget, semper rutrum, nulla. Nunc purus.', 'potenti in eleifend quam', 6, 16, 37.980923, 23.669079, 73713, 'Bultman', 70, '2018-03-29 05:54:08', 7.8, 278, 278, 0);
insert into event (id, provider_user_id, category_id, title, description, tags, age_from, age_to, latitude, longtitude, postal_code, street, street_number, date_time, ticket_price, total_tickets, available_tickets, is_active) values (42, 200, 1, 'Rudolph the Red-Nosed Reindeer', 'Morbi porttitor lorem id ligula. Suspendisse ornare consequat lectus. In est risus, auctor sed, tristique in, tempus sit amet, sem.

Fusce consequat. Nulla nisl. Nunc nisl.', 'mi in porttitor pede justo eu massa donec', 8, 14, 37.996935, 23.733068, 42870, 'Aberg', 56, '2018-03-08 04:11:47', 24.73, 142, 142, 0);
insert into event (id, provider_user_id, category_id, title, description, tags, age_from, age_to, latitude, longtitude, postal_code, street, street_number, date_time, ticket_price, total_tickets, available_tickets, is_active) values (43, 60, 4, 'Freejack', 'Curabitur gravida nisi at nibh. In hac habitasse platea dictumst. Aliquam augue quam, sollicitudin vitae, consectetuer eget, rutrum at, lorem.

Integer tincidunt ante vel ipsum. Praesent blandit lacinia erat. Vestibulum sed magna at nunc commodo placerat.', 'vivamus in felis', 8, 18, 37.994209, 23.691772, 78285, 'Hoepker', 137, '2018-04-20 20:56:23', 24.11, 253, 253, 0);
insert into event (id, provider_user_id, category_id, title, description, tags, age_from, age_to, latitude, longtitude, postal_code, street, street_number, date_time, ticket_price, total_tickets, available_tickets, is_active) values (44, 90, 6, 'Rumor of Angels, A', 'Fusce consequat. Nulla nisl. Nunc nisl.

Duis bibendum, felis sed interdum venenatis, turpis enim blandit mi, in porttitor pede justo eu massa. Donec dapibus. Duis at velit eu est congue elementum.

In hac habitasse platea dictumst. Morbi vestibulum, velit id pretium iaculis, diam erat fermentum justo, nec condimentum neque sapien placerat ante. Nulla justo.', 'sapien urna pretium nisl ut volutpat sapien arcu', 7, 15, 37.989572, 23.776964, 61541, 'Dennis', 86, '2018-04-29 06:52:46', 20.58, 292, 292, 0);
insert into event (id, provider_user_id, category_id, title, description, tags, age_from, age_to, latitude, longtitude, postal_code, street, street_number, date_time, ticket_price, total_tickets, available_tickets, is_active) values (45, 130, 1, 'Storefront Hitchcock', 'Praesent blandit. Nam nulla. Integer pede justo, lacinia eget, tincidunt eget, tempus vel, pede.

Morbi porttitor lorem id ligula. Suspendisse ornare consequat lectus. In est risus, auctor sed, tristique in, tempus sit amet, sem.', 'ultrices enim lorem ipsum dolor', 4, 11, 38.052529, 23.739309, 64864, 'Morrow', 10, '2018-04-20 02:28:22', 23.65, 51, 51, 0);
insert into event (id, provider_user_id, category_id, title, description, tags, age_from, age_to, latitude, longtitude, postal_code, street, street_number, date_time, ticket_price, total_tickets, available_tickets, is_active) values (46, 20, 3, 'Azumi 2: Death or Love', 'Suspendisse potenti. In eleifend quam a odio. In hac habitasse platea dictumst.

Maecenas ut massa quis augue luctus tincidunt. Nulla mollis molestie lorem. Quisque ut erat.

Curabitur gravida nisi at nibh. In hac habitasse platea dictumst. Aliquam augue quam, sollicitudin vitae, consectetuer eget, rutrum at, lorem.', 'eget nunc donec quis orci eget orci vehicula condimentum', 2, 12, 37.971373, 23.764361, 25525, 'Miller', 77, '2018-04-05 08:30:34', 19.96, 268, 268, 1);
insert into event (id, provider_user_id, category_id, title, description, tags, age_from, age_to, latitude, longtitude, postal_code, street, street_number, date_time, ticket_price, total_tickets, available_tickets, is_active) values (47, 55, 6, 'On_Line (a.k.a. On Line)', 'Proin interdum mauris non ligula pellentesque ultrices. Phasellus id sapien in sapien iaculis congue. Vivamus metus arcu, adipiscing molestie, hendrerit at, vulputate vitae, nisl.', 'feugiat et eros vestibulum ac est lacinia nisi venenatis', 1, 18, 37.995786, 23.745395, 23681, 'Ilene', 59, '2018-05-02 01:46:09', 9.72, 165, 165, 0);
insert into event (id, provider_user_id, category_id, title, description, tags, age_from, age_to, latitude, longtitude, postal_code, street, street_number, date_time, ticket_price, total_tickets, available_tickets, is_active) values (48, 90, 1, 'Charlie Chan in London', 'Sed sagittis. Nam congue, risus semper porta volutpat, quam pede lobortis ligula, sit amet eleifend pede libero quis orci. Nullam molestie nibh in lectus.

Pellentesque at nulla. Suspendisse potenti. Cras in purus eu magna vulputate luctus.

Cum sociis natoque penatibus et magnis dis parturient montes, nascetur ridiculus mus. Vivamus vestibulum sagittis sapien. Cum sociis natoque penatibus et magnis dis parturient montes, nascetur ridiculus mus.', 'nullam sit amet', 6, 11, 38.033923, 23.70604, 75123, 'Dryden', 7, '2018-04-19 09:59:13', 5.65, 265, 265, 1);
insert into event (id, provider_user_id, category_id, title, description, tags, age_from, age_to, latitude, longtitude, postal_code, street, street_number, date_time, ticket_price, total_tickets, available_tickets, is_active) values (49, 65, 5, '3 Little Ninjas and the Lost Treasure', 'Cum sociis natoque penatibus et magnis dis parturient montes, nascetur ridiculus mus. Vivamus vestibulum sagittis sapien. Cum sociis natoque penatibus et magnis dis parturient montes, nascetur ridiculus mus.

Etiam vel augue. Vestibulum rutrum rutrum neque. Aenean auctor gravida sem.

Praesent id massa id nisl venenatis lacinia. Aenean sit amet justo. Morbi ut odio.', 'posuere cubilia curae donec pharetra magna vestibulum aliquet', 1, 11, 38.021229, 23.7079, 13017, 'Vera', 140, '2018-05-04 01:43:18', 23.43, 129, 129, 0);
insert into event (id, provider_user_id, category_id, title, description, tags, age_from, age_to, latitude, longtitude, postal_code, street, street_number, date_time, ticket_price, total_tickets, available_tickets, is_active) values (50, 10, 5, 'Wu Tang Master (Tian shi zhuang xie)', 'Nullam sit amet turpis elementum ligula vehicula consequat. Morbi a ipsum. Integer a nibh.

In quis justo. Maecenas rhoncus aliquam lacus. Morbi quis tortor id nulla ultrices aliquet.

Maecenas leo odio, condimentum id, luctus nec, molestie sed, justo. Pellentesque viverra pede ac diam. Cras pellentesque volutpat dui.', 'quam suspendisse potenti nullam porttitor lacus at turpis donec posuere', 8, 9, 38.032928, 23.816843, 29097, 'Melrose', 100, '2018-04-08 01:00:05', 8.88, 183, 183, 1);
insert into event (id, provider_user_id, category_id, title, description, tags, age_from, age_to, latitude, longtitude, postal_code, street, street_number, date_time, ticket_price, total_tickets, available_tickets, is_active) values (51, 165, 2, 'Legend of the Guardians: The Owls of Ga''Hoole', 'Fusce posuere felis sed lacus. Morbi sem mauris, laoreet ut, rhoncus aliquet, pulvinar sed, nisl. Nunc rhoncus dui vel sem.

Sed sagittis. Nam congue, risus semper porta volutpat, quam pede lobortis ligula, sit amet eleifend pede libero quis orci. Nullam molestie nibh in lectus.

Pellentesque at nulla. Suspendisse potenti. Cras in purus eu magna vulputate luctus.', 'cursus urna ut tellus nulla', 2, 16, 38.047074, 23.751405, 96481, 'Iowa', 111, '2018-03-10 15:44:29', 19.2, 94, 94, 1);
insert into event (id, provider_user_id, category_id, title, description, tags, age_from, age_to, latitude, longtitude, postal_code, street, street_number, date_time, ticket_price, total_tickets, available_tickets, is_active) values (52, 40, 4, 'Nightmare Man', 'Duis bibendum. Morbi non quam nec dui luctus rutrum. Nulla tellus.', 'at velit vivamus vel nulla eget eros elementum pellentesque quisque', 4, 16, 38.042809, 23.692014, 81879, 'Anderson', 22, '2018-04-23 09:13:43', 17.61, 189, 189, 0);
insert into event (id, provider_user_id, category_id, title, description, tags, age_from, age_to, latitude, longtitude, postal_code, street, street_number, date_time, ticket_price, total_tickets, available_tickets, is_active) values (53, 120, 1, 'Dying Breed', 'In quis justo. Maecenas rhoncus aliquam lacus. Morbi quis tortor id nulla ultrices aliquet.

Maecenas leo odio, condimentum id, luctus nec, molestie sed, justo. Pellentesque viverra pede ac diam. Cras pellentesque volutpat dui.

Maecenas tristique, est et tempus semper, est quam pharetra magna, ac consequat metus sapien ut nunc. Vestibulum ante ipsum primis in faucibus orci luctus et ultrices posuere cubilia Curae; Mauris viverra diam vitae quam. Suspendisse potenti.', 'nulla quisque arcu libero rutrum', 4, 13, 38.028673, 23.65664, 89609, 'Nevada', 66, '2018-02-21 21:18:53', 12.97, 149, 149, 1);
insert into event (id, provider_user_id, category_id, title, description, tags, age_from, age_to, latitude, longtitude, postal_code, street, street_number, date_time, ticket_price, total_tickets, available_tickets, is_active) values (54, 105, 3, 'Harlan: In the Shadow of Jew Suess (Harlan - Im Schatten von Jud Sss)', 'In congue. Etiam justo. Etiam pretium iaculis justo.', 'vivamus vestibulum sagittis sapien cum sociis natoque penatibus', 7, 12, 38.030621, 23.70181, 45520, 'Maryland', 61, '2018-04-22 23:39:12', 7.33, 217, 217, 1);
insert into event (id, provider_user_id, category_id, title, description, tags, age_from, age_to, latitude, longtitude, postal_code, street, street_number, date_time, ticket_price, total_tickets, available_tickets, is_active) values (55, 225, 6, 'Monster, The', 'Lorem ipsum dolor sit amet, consectetuer adipiscing elit. Proin risus. Praesent lectus.

Vestibulum quam sapien, varius ut, blandit non, interdum in, ante. Vestibulum ante ipsum primis in faucibus orci luctus et ultrices posuere cubilia Curae; Duis faucibus accumsan odio. Curabitur convallis.', 'ipsum aliquam non mauris morbi non lectus aliquam', 7, 18, 37.962799, 23.709497, 65823, 'Miller', 30, '2018-03-27 10:20:51', 17.85, 255, 255, 0);
insert into event (id, provider_user_id, category_id, title, description, tags, age_from, age_to, latitude, longtitude, postal_code, street, street_number, date_time, ticket_price, total_tickets, available_tickets, is_active) values (56, 185, 6, 'Marie and Bruce', 'Proin eu mi. Nulla ac enim. In tempor, turpis nec euismod scelerisque, quam turpis adipiscing lorem, vitae mattis nibh ligula nec sem.

Duis aliquam convallis nunc. Proin at turpis a pede posuere nonummy. Integer non velit.

Donec diam neque, vestibulum eget, vulputate ut, ultrices vel, augue. Vestibulum ante ipsum primis in faucibus orci luctus et ultrices posuere cubilia Curae; Donec pharetra, magna vestibulum aliquet ultrices, erat tortor sollicitudin mi, sit amet lobortis sapien sapien non mi. Integer ac neque.', 'consequat metus sapien ut nunc vestibulum ante ipsum', 3, 15, 37.998819, 23.760422, 70865, 'Havey', 28, '2018-04-20 04:59:38', 24.59, 7, 7, 1);
insert into event (id, provider_user_id, category_id, title, description, tags, age_from, age_to, latitude, longtitude, postal_code, street, street_number, date_time, ticket_price, total_tickets, available_tickets, is_active) values (57, 115, 1, 'Adventurer, The', 'Phasellus sit amet erat. Nulla tempus. Vivamus in felis eu sapien cursus vestibulum.

Proin eu mi. Nulla ac enim. In tempor, turpis nec euismod scelerisque, quam turpis adipiscing lorem, vitae mattis nibh ligula nec sem.

Duis aliquam convallis nunc. Proin at turpis a pede posuere nonummy. Integer non velit.', 'volutpat erat quisque', 8, 18, 37.976038, 23.629529, 28165, 'Bay', 63, '2018-04-21 21:49:50', 18.5, 172, 172, 0);
insert into event (id, provider_user_id, category_id, title, description, tags, age_from, age_to, latitude, longtitude, postal_code, street, street_number, date_time, ticket_price, total_tickets, available_tickets, is_active) values (58, 220, 5, 'Hysteria', 'Vestibulum ac est lacinia nisi venenatis tristique. Fusce congue, diam id ornare imperdiet, sapien urna pretium nisl, ut volutpat sapien arcu sed augue. Aliquam erat volutpat.', 'nec dui luctus rutrum nulla tellus in sagittis dui vel', 5, 10, 38.012714, 23.78487, 90310, 'Sycamore', 119, '2018-05-04 09:10:43', 11.55, 67, 67, 0);
insert into event (id, provider_user_id, category_id, title, description, tags, age_from, age_to, latitude, longtitude, postal_code, street, street_number, date_time, ticket_price, total_tickets, available_tickets, is_active) values (59, 25, 2, 'Amelie (Fabuleux destin d''Amlie Poulain, Le)', 'Duis consequat dui nec nisi volutpat eleifend. Donec ut dolor. Morbi vel lectus in quam fringilla rhoncus.

Mauris enim leo, rhoncus sed, vestibulum sit amet, cursus id, turpis. Integer aliquet, massa id lobortis convallis, tortor risus dapibus augue, vel accumsan tellus nisi eu orci. Mauris lacinia sapien quis libero.

Nullam sit amet turpis elementum ligula vehicula consequat. Morbi a ipsum. Integer a nibh.', 'magnis dis parturient montes', 7, 16, 38.004968, 23.653489, 73489, 'Swallow', 133, '2018-04-19 21:16:47', 14.95, 131, 131, 0);
insert into event (id, provider_user_id, category_id, title, description, tags, age_from, age_to, latitude, longtitude, postal_code, street, street_number, date_time, ticket_price, total_tickets, available_tickets, is_active) values (60, 170, 5, 'Legend', 'Etiam vel augue. Vestibulum rutrum rutrum neque. Aenean auctor gravida sem.', 'habitasse platea dictumst maecenas ut massa quis augue luctus tincidunt', 8, 9, 37.995144, 23.738265, 20463, 'Oneill', 21, '2018-04-28 09:21:04', 17.73, 26, 26, 0);
insert into event (id, provider_user_id, category_id, title, description, tags, age_from, age_to, latitude, longtitude, postal_code, street, street_number, date_time, ticket_price, total_tickets, available_tickets, is_active) values (61, 140, 3, '31 North 62 East', 'Praesent blandit. Nam nulla. Integer pede justo, lacinia eget, tincidunt eget, tempus vel, pede.

Morbi porttitor lorem id ligula. Suspendisse ornare consequat lectus. In est risus, auctor sed, tristique in, tempus sit amet, sem.', 'sapien cum sociis natoque penatibus et magnis', 1, 15, 37.998245, 23.727702, 11237, 'Eagan', 89, '2018-04-06 15:10:40', 23.69, 69, 69, 0);
insert into event (id, provider_user_id, category_id, title, description, tags, age_from, age_to, latitude, longtitude, postal_code, street, street_number, date_time, ticket_price, total_tickets, available_tickets, is_active) values (62, 250, 5, 'Emmanuelle 2', 'Pellentesque at nulla. Suspendisse potenti. Cras in purus eu magna vulputate luctus.', 'sit amet nulla quisque arcu', 5, 14, 38.001802, 23.778582, 92087, 'Continental', 50, '2018-03-14 13:45:40', 23.31, 167, 167, 0);
insert into event (id, provider_user_id, category_id, title, description, tags, age_from, age_to, latitude, longtitude, postal_code, street, street_number, date_time, ticket_price, total_tickets, available_tickets, is_active) values (63, 30, 1, 'Net Worth', 'Mauris enim leo, rhoncus sed, vestibulum sit amet, cursus id, turpis. Integer aliquet, massa id lobortis convallis, tortor risus dapibus augue, vel accumsan tellus nisi eu orci. Mauris lacinia sapien quis libero.

Nullam sit amet turpis elementum ligula vehicula consequat. Morbi a ipsum. Integer a nibh.', 'fusce lacus purus aliquet at', 3, 18, 37.991297, 23.709582, 73872, 'Knutson', 152, '2018-03-25 01:32:39', 23.44, 50, 50, 1);
insert into event (id, provider_user_id, category_id, title, description, tags, age_from, age_to, latitude, longtitude, postal_code, street, street_number, date_time, ticket_price, total_tickets, available_tickets, is_active) values (64, 235, 2, 'Jungle Book of Regulations, A (Nie Ma Rozy Bez Ognia)', 'Mauris enim leo, rhoncus sed, vestibulum sit amet, cursus id, turpis. Integer aliquet, massa id lobortis convallis, tortor risus dapibus augue, vel accumsan tellus nisi eu orci. Mauris lacinia sapien quis libero.', 'tellus in sagittis dui', 1, 15, 37.954594, 23.716295, 89474, 'Di Loreto', 143, '2018-03-18 08:25:22', 19.94, 119, 119, 1);
insert into event (id, provider_user_id, category_id, title, description, tags, age_from, age_to, latitude, longtitude, postal_code, street, street_number, date_time, ticket_price, total_tickets, available_tickets, is_active) values (65, 105, 4, 'Defiance', 'Sed ante. Vivamus tortor. Duis mattis egestas metus.

Aenean fermentum. Donec ut mauris eget massa tempor convallis. Nulla neque libero, convallis eget, eleifend luctus, ultricies eu, nibh.

Quisque id justo sit amet sapien dignissim vestibulum. Vestibulum ante ipsum primis in faucibus orci luctus et ultrices posuere cubilia Curae; Nulla dapibus dolor vel est. Donec odio justo, sollicitudin ut, suscipit a, feugiat et, eros.', 'diam cras pellentesque volutpat dui maecenas tristique est et tempus', 2, 12, 37.983032, 23.816938, 91909, 'Maryland', 97, '2018-03-10 04:48:34', 18.06, 257, 257, 0);
insert into event (id, provider_user_id, category_id, title, description, tags, age_from, age_to, latitude, longtitude, postal_code, street, street_number, date_time, ticket_price, total_tickets, available_tickets, is_active) values (66, 125, 3, 'Vigilante', 'Proin interdum mauris non ligula pellentesque ultrices. Phasellus id sapien in sapien iaculis congue. Vivamus metus arcu, adipiscing molestie, hendrerit at, vulputate vitae, nisl.

Aenean lectus. Pellentesque eget nunc. Donec quis orci eget orci vehicula condimentum.

Curabitur in libero ut massa volutpat convallis. Morbi odio odio, elementum eu, interdum eu, tincidunt in, leo. Maecenas pulvinar lobortis est.', 'posuere cubilia curae donec pharetra magna vestibulum', 2, 11, 37.957661, 23.759675, 63763, 'Dexter', 106, '2018-02-20 09:12:50', 24.54, 161, 161, 1);
insert into event (id, provider_user_id, category_id, title, description, tags, age_from, age_to, latitude, longtitude, postal_code, street, street_number, date_time, ticket_price, total_tickets, available_tickets, is_active) values (67, 250, 1, 'Starsuckers', 'Duis aliquam convallis nunc. Proin at turpis a pede posuere nonummy. Integer non velit.', 'sapien non mi integer ac neque duis', 1, 9, 38.06144, 23.73113, 62359, 'Golf', 79, '2018-02-20 09:23:15', 11.28, 109, 109, 0);
insert into event (id, provider_user_id, category_id, title, description, tags, age_from, age_to, latitude, longtitude, postal_code, street, street_number, date_time, ticket_price, total_tickets, available_tickets, is_active) values (68, 40, 5, 'Hard Candy', 'Maecenas ut massa quis augue luctus tincidunt. Nulla mollis molestie lorem. Quisque ut erat.

Curabitur gravida nisi at nibh. In hac habitasse platea dictumst. Aliquam augue quam, sollicitudin vitae, consectetuer eget, rutrum at, lorem.', 'morbi porttitor lorem id ligula suspendisse', 1, 15, 37.964249, 23.678696, 57167, 'Ilene', 136, '2018-02-26 08:07:59', 14.0, 160, 160, 0);
insert into event (id, provider_user_id, category_id, title, description, tags, age_from, age_to, latitude, longtitude, postal_code, street, street_number, date_time, ticket_price, total_tickets, available_tickets, is_active) values (69, 185, 4, 'Goodbye, Dragon Inn (Bu san)', 'Cras mi pede, malesuada in, imperdiet et, commodo vulputate, justo. In blandit ultrices enim. Lorem ipsum dolor sit amet, consectetuer adipiscing elit.

Proin interdum mauris non ligula pellentesque ultrices. Phasellus id sapien in sapien iaculis congue. Vivamus metus arcu, adipiscing molestie, hendrerit at, vulputate vitae, nisl.

Aenean lectus. Pellentesque eget nunc. Donec quis orci eget orci vehicula condimentum.', 'vehicula consequat morbi a ipsum integer', 5, 18, 38.006064, 23.707697, 60951, 'Marcy', 31, '2018-04-02 09:03:19', 19.63, 21, 21, 1);
insert into event (id, provider_user_id, category_id, title, description, tags, age_from, age_to, latitude, longtitude, postal_code, street, street_number, date_time, ticket_price, total_tickets, available_tickets, is_active) values (70, 210, 3, '7th Dawn, The', 'Vestibulum ac est lacinia nisi venenatis tristique. Fusce congue, diam id ornare imperdiet, sapien urna pretium nisl, ut volutpat sapien arcu sed augue. Aliquam erat volutpat.

In congue. Etiam justo. Etiam pretium iaculis justo.', 'mi in porttitor pede justo', 8, 18, 38.036481, 23.824592, 74064, 'David', 31, '2018-04-06 16:47:14', 6.73, 215, 215, 1);
insert into event (id, provider_user_id, category_id, title, description, tags, age_from, age_to, latitude, longtitude, postal_code, street, street_number, date_time, ticket_price, total_tickets, available_tickets, is_active) values (71, 200, 5, 'Clandestine Childhood', 'Maecenas ut massa quis augue luctus tincidunt. Nulla mollis molestie lorem. Quisque ut erat.

Curabitur gravida nisi at nibh. In hac habitasse platea dictumst. Aliquam augue quam, sollicitudin vitae, consectetuer eget, rutrum at, lorem.

Integer tincidunt ante vel ipsum. Praesent blandit lacinia erat. Vestibulum sed magna at nunc commodo placerat.', 'libero ut massa volutpat convallis morbi', 2, 9, 38.032163, 23.820081, 62951, 'Sunfield', 47, '2018-02-20 13:16:11', 22.82, 222, 222, 1);
insert into event (id, provider_user_id, category_id, title, description, tags, age_from, age_to, latitude, longtitude, postal_code, street, street_number, date_time, ticket_price, total_tickets, available_tickets, is_active) values (72, 65, 4, 'Shallow Hal', 'Proin eu mi. Nulla ac enim. In tempor, turpis nec euismod scelerisque, quam turpis adipiscing lorem, vitae mattis nibh ligula nec sem.

Duis aliquam convallis nunc. Proin at turpis a pede posuere nonummy. Integer non velit.', 'venenatis tristique fusce congue diam id', 5, 14, 38.005785, 23.646033, 92820, 'Morning', 155, '2018-02-23 13:41:33', 19.92, 282, 282, 1);
insert into event (id, provider_user_id, category_id, title, description, tags, age_from, age_to, latitude, longtitude, postal_code, street, street_number, date_time, ticket_price, total_tickets, available_tickets, is_active) values (73, 100, 6, 'Wild, The', 'Praesent blandit. Nam nulla. Integer pede justo, lacinia eget, tincidunt eget, tempus vel, pede.

Morbi porttitor lorem id ligula. Suspendisse ornare consequat lectus. In est risus, auctor sed, tristique in, tempus sit amet, sem.', 'at feugiat non pretium quis lectus suspendisse potenti in', 1, 10, 38.024623, 23.666251, 41906, 'Lien', 145, '2018-04-22 06:18:30', 9.7, 137, 137, 0);
insert into event (id, provider_user_id, category_id, title, description, tags, age_from, age_to, latitude, longtitude, postal_code, street, street_number, date_time, ticket_price, total_tickets, available_tickets, is_active) values (74, 25, 2, 'Piece of the Action, A', 'Cras mi pede, malesuada in, imperdiet et, commodo vulputate, justo. In blandit ultrices enim. Lorem ipsum dolor sit amet, consectetuer adipiscing elit.

Proin interdum mauris non ligula pellentesque ultrices. Phasellus id sapien in sapien iaculis congue. Vivamus metus arcu, adipiscing molestie, hendrerit at, vulputate vitae, nisl.

Aenean lectus. Pellentesque eget nunc. Donec quis orci eget orci vehicula condimentum.', 'libero nam dui proin leo', 1, 11, 38.015456, 23.750931, 71513, 'Marcy', 16, '2018-04-30 07:38:30', 23.23, 279, 279, 0);
insert into event (id, provider_user_id, category_id, title, description, tags, age_from, age_to, latitude, longtitude, postal_code, street, street_number, date_time, ticket_price, total_tickets, available_tickets, is_active) values (75, 190, 6, 'Marjoe', 'Proin eu mi. Nulla ac enim. In tempor, turpis nec euismod scelerisque, quam turpis adipiscing lorem, vitae mattis nibh ligula nec sem.

Duis aliquam convallis nunc. Proin at turpis a pede posuere nonummy. Integer non velit.

Donec diam neque, vestibulum eget, vulputate ut, ultrices vel, augue. Vestibulum ante ipsum primis in faucibus orci luctus et ultrices posuere cubilia Curae; Donec pharetra, magna vestibulum aliquet ultrices, erat tortor sollicitudin mi, sit amet lobortis sapien sapien non mi. Integer ac neque.', 'vitae ipsum aliquam non mauris morbi non lectus aliquam sit', 4, 17, 38.051879, 23.677151, 13674, 'Kenwood', 124, '2018-03-04 07:21:09', 24.61, 240, 240, 0);
insert into event (id, provider_user_id, category_id, title, description, tags, age_from, age_to, latitude, longtitude, postal_code, street, street_number, date_time, ticket_price, total_tickets, available_tickets, is_active) values (76, 5, 2, 'White, Red and Verdone', 'Morbi porttitor lorem id ligula. Suspendisse ornare consequat lectus. In est risus, auctor sed, tristique in, tempus sit amet, sem.', 'sed vel enim', 4, 9, 38.050071, 23.801864, 49199, 'Rigney', 52, '2018-04-11 10:57:28', 7.87, 38, 38, 1);
insert into event (id, provider_user_id, category_id, title, description, tags, age_from, age_to, latitude, longtitude, postal_code, street, street_number, date_time, ticket_price, total_tickets, available_tickets, is_active) values (77, 150, 1, 'Friday Night Lights', 'In congue. Etiam justo. Etiam pretium iaculis justo.

In hac habitasse platea dictumst. Etiam faucibus cursus urna. Ut tellus.', 'mattis egestas metus aenean fermentum donec ut', 8, 16, 37.957355, 23.740436, 40321, 'Oak', 61, '2018-03-06 20:32:31', 9.6, 108, 108, 0);
insert into event (id, provider_user_id, category_id, title, description, tags, age_from, age_to, latitude, longtitude, postal_code, street, street_number, date_time, ticket_price, total_tickets, available_tickets, is_active) values (78, 130, 6, 'Backlash', 'Maecenas ut massa quis augue luctus tincidunt. Nulla mollis molestie lorem. Quisque ut erat.

Curabitur gravida nisi at nibh. In hac habitasse platea dictumst. Aliquam augue quam, sollicitudin vitae, consectetuer eget, rutrum at, lorem.', 'sed accumsan felis ut at dolor quis odio', 7, 13, 37.954805, 23.696566, 30965, 'Maple Wood', 97, '2018-03-05 08:30:14', 17.64, 267, 267, 0);
insert into event (id, provider_user_id, category_id, title, description, tags, age_from, age_to, latitude, longtitude, postal_code, street, street_number, date_time, ticket_price, total_tickets, available_tickets, is_active) values (79, 40, 6, 'Taxi Blues', 'Cras non velit nec nisi vulputate nonummy. Maecenas tincidunt lacus at velit. Vivamus vel nulla eget eros elementum pellentesque.

Quisque porta volutpat erat. Quisque erat eros, viverra eget, congue eget, semper rutrum, nulla. Nunc purus.

Phasellus in felis. Donec semper sapien a libero. Nam dui.', 'tellus in sagittis dui vel', 3, 9, 38.03407, 23.659289, 95990, 'Hermina', 121, '2018-05-01 22:47:50', 15.77, 251, 251, 1);
insert into event (id, provider_user_id, category_id, title, description, tags, age_from, age_to, latitude, longtitude, postal_code, street, street_number, date_time, ticket_price, total_tickets, available_tickets, is_active) values (80, 45, 1, 'Lost and Found', 'Lorem ipsum dolor sit amet, consectetuer adipiscing elit. Proin risus. Praesent lectus.

Vestibulum quam sapien, varius ut, blandit non, interdum in, ante. Vestibulum ante ipsum primis in faucibus orci luctus et ultrices posuere cubilia Curae; Duis faucibus accumsan odio. Curabitur convallis.

Duis consequat dui nec nisi volutpat eleifend. Donec ut dolor. Morbi vel lectus in quam fringilla rhoncus.', 'rutrum rutrum neque aenean auctor', 2, 18, 38.045832, 23.71863, 53420, 'Ryan', 28, '2018-04-05 07:22:20', 22.43, 296, 296, 0);
insert into event (id, provider_user_id, category_id, title, description, tags, age_from, age_to, latitude, longtitude, postal_code, street, street_number, date_time, ticket_price, total_tickets, available_tickets, is_active) values (81, 175, 6, 'Pink Panther, The', 'Curabitur in libero ut massa volutpat convallis. Morbi odio odio, elementum eu, interdum eu, tincidunt in, leo. Maecenas pulvinar lobortis est.

Phasellus sit amet erat. Nulla tempus. Vivamus in felis eu sapien cursus vestibulum.', 'purus sit amet nulla quisque', 2, 17, 38.021353, 23.754236, 33450, 'Hanover', 39, '2018-05-02 05:05:40', 5.39, 83, 83, 1);
insert into event (id, provider_user_id, category_id, title, description, tags, age_from, age_to, latitude, longtitude, postal_code, street, street_number, date_time, ticket_price, total_tickets, available_tickets, is_active) values (82, 5, 4, 'Child''s Pose', 'Donec diam neque, vestibulum eget, vulputate ut, ultrices vel, augue. Vestibulum ante ipsum primis in faucibus orci luctus et ultrices posuere cubilia Curae; Donec pharetra, magna vestibulum aliquet ultrices, erat tortor sollicitudin mi, sit amet lobortis sapien sapien non mi. Integer ac neque.', 'sodales sed tincidunt eu felis fusce posuere', 3, 12, 38.047987, 23.756693, 23653, 'Morning', 55, '2018-04-12 19:37:46', 15.51, 92, 92, 0);
insert into event (id, provider_user_id, category_id, title, description, tags, age_from, age_to, latitude, longtitude, postal_code, street, street_number, date_time, ticket_price, total_tickets, available_tickets, is_active) values (83, 35, 6, 'Jack Strong', 'Morbi non lectus. Aliquam sit amet diam in magna bibendum imperdiet. Nullam orci pede, venenatis non, sodales sed, tincidunt eu, felis.

Fusce posuere felis sed lacus. Morbi sem mauris, laoreet ut, rhoncus aliquet, pulvinar sed, nisl. Nunc rhoncus dui vel sem.

Sed sagittis. Nam congue, risus semper porta volutpat, quam pede lobortis ligula, sit amet eleifend pede libero quis orci. Nullam molestie nibh in lectus.', 'non mauris morbi non lectus aliquam sit amet diam', 4, 13, 38.011726, 23.765553, 78565, 'Sheridan', 12, '2018-05-01 01:07:46', 11.53, 237, 237, 1);
insert into event (id, provider_user_id, category_id, title, description, tags, age_from, age_to, latitude, longtitude, postal_code, street, street_number, date_time, ticket_price, total_tickets, available_tickets, is_active) values (84, 210, 6, 'Hamlet 2', 'Maecenas leo odio, condimentum id, luctus nec, molestie sed, justo. Pellentesque viverra pede ac diam. Cras pellentesque volutpat dui.

Maecenas tristique, est et tempus semper, est quam pharetra magna, ac consequat metus sapien ut nunc. Vestibulum ante ipsum primis in faucibus orci luctus et ultrices posuere cubilia Curae; Mauris viverra diam vitae quam. Suspendisse potenti.', 'aliquet massa id', 6, 16, 38.022545, 23.747265, 38889, 'Springs', 69, '2018-04-28 19:42:50', 14.75, 112, 112, 1);
insert into event (id, provider_user_id, category_id, title, description, tags, age_from, age_to, latitude, longtitude, postal_code, street, street_number, date_time, ticket_price, total_tickets, available_tickets, is_active) values (85, 185, 3, 'Ripe', 'Morbi non lectus. Aliquam sit amet diam in magna bibendum imperdiet. Nullam orci pede, venenatis non, sodales sed, tincidunt eu, felis.

Fusce posuere felis sed lacus. Morbi sem mauris, laoreet ut, rhoncus aliquet, pulvinar sed, nisl. Nunc rhoncus dui vel sem.

Sed sagittis. Nam congue, risus semper porta volutpat, quam pede lobortis ligula, sit amet eleifend pede libero quis orci. Nullam molestie nibh in lectus.', 'vestibulum ante ipsum primis', 5, 17, 38.033393, 23.627153, 95441, 'Aberg', 112, '2018-02-22 01:49:03', 6.19, 219, 219, 0);
insert into event (id, provider_user_id, category_id, title, description, tags, age_from, age_to, latitude, longtitude, postal_code, street, street_number, date_time, ticket_price, total_tickets, available_tickets, is_active) values (86, 200, 3, 'Mutant Aliens', 'Vestibulum quam sapien, varius ut, blandit non, interdum in, ante. Vestibulum ante ipsum primis in faucibus orci luctus et ultrices posuere cubilia Curae; Duis faucibus accumsan odio. Curabitur convallis.

Duis consequat dui nec nisi volutpat eleifend. Donec ut dolor. Morbi vel lectus in quam fringilla rhoncus.

Mauris enim leo, rhoncus sed, vestibulum sit amet, cursus id, turpis. Integer aliquet, massa id lobortis convallis, tortor risus dapibus augue, vel accumsan tellus nisi eu orci. Mauris lacinia sapien quis libero.', 'leo odio porttitor id consequat', 3, 13, 37.96837, 23.800901, 76860, 'Grover', 129, '2018-04-11 06:52:25', 14.17, 181, 181, 1);
insert into event (id, provider_user_id, category_id, title, description, tags, age_from, age_to, latitude, longtitude, postal_code, street, street_number, date_time, ticket_price, total_tickets, available_tickets, is_active) values (87, 75, 2, 'Once a Thief (Zong heng si hai)', 'Maecenas ut massa quis augue luctus tincidunt. Nulla mollis molestie lorem. Quisque ut erat.', 'vivamus vestibulum sagittis sapien cum sociis natoque', 1, 18, 38.053915, 23.730376, 52734, 'Gateway', 112, '2018-02-22 11:31:45', 14.88, 101, 101, 0);
insert into event (id, provider_user_id, category_id, title, description, tags, age_from, age_to, latitude, longtitude, postal_code, street, street_number, date_time, ticket_price, total_tickets, available_tickets, is_active) values (88, 120, 6, 'Emperor Waltz, The', 'Phasellus sit amet erat. Nulla tempus. Vivamus in felis eu sapien cursus vestibulum.

Proin eu mi. Nulla ac enim. In tempor, turpis nec euismod scelerisque, quam turpis adipiscing lorem, vitae mattis nibh ligula nec sem.

Duis aliquam convallis nunc. Proin at turpis a pede posuere nonummy. Integer non velit.', 'viverra dapibus nulla suscipit ligula in', 3, 13, 38.0383, 23.719178, 18720, 'Miller', 133, '2018-04-01 08:29:29', 17.28, 153, 153, 0);
insert into event (id, provider_user_id, category_id, title, description, tags, age_from, age_to, latitude, longtitude, postal_code, street, street_number, date_time, ticket_price, total_tickets, available_tickets, is_active) values (89, 220, 4, '21 and Over', 'In sagittis dui vel nisl. Duis ac nibh. Fusce lacus purus, aliquet at, feugiat non, pretium quis, lectus.

Suspendisse potenti. In eleifend quam a odio. In hac habitasse platea dictumst.', 'sed tincidunt eu felis fusce posuere', 2, 16, 37.95315, 23.73206, 18847, 'Hoffman', 133, '2018-04-18 08:04:17', 8.85, 26, 26, 1);
insert into event (id, provider_user_id, category_id, title, description, tags, age_from, age_to, latitude, longtitude, postal_code, street, street_number, date_time, ticket_price, total_tickets, available_tickets, is_active) values (90, 135, 2, 'Beyond the Sea', 'Morbi non lectus. Aliquam sit amet diam in magna bibendum imperdiet. Nullam orci pede, venenatis non, sodales sed, tincidunt eu, felis.', 'sodales sed tincidunt eu felis fusce', 3, 15, 38.056378, 23.735036, 89043, 'Novick', 146, '2018-02-23 08:07:17', 18.79, 242, 242, 0);
insert into event (id, provider_user_id, category_id, title, description, tags, age_from, age_to, latitude, longtitude, postal_code, street, street_number, date_time, ticket_price, total_tickets, available_tickets, is_active) values (91, 240, 6, 'Shadow Dancer, The (Shadows in the Sun)', 'Nam ultrices, libero non mattis pulvinar, nulla pede ullamcorper augue, a suscipit nulla elit ac nulla. Sed vel enim sit amet nunc viverra dapibus. Nulla suscipit ligula in lacus.

Curabitur at ipsum ac tellus semper interdum. Mauris ullamcorper purus sit amet nulla. Quisque arcu libero, rutrum ac, lobortis vel, dapibus at, diam.', 'ante vivamus tortor duis mattis egestas metus aenean fermentum donec', 5, 18, 38.048911, 23.696307, 88191, 'Scoville', 23, '2018-05-03 16:46:56', 20.68, 292, 292, 1);
insert into event (id, provider_user_id, category_id, title, description, tags, age_from, age_to, latitude, longtitude, postal_code, street, street_number, date_time, ticket_price, total_tickets, available_tickets, is_active) values (92, 230, 2, 'Slaughter Rule, The', 'Cras non velit nec nisi vulputate nonummy. Maecenas tincidunt lacus at velit. Vivamus vel nulla eget eros elementum pellentesque.', 'quis turpis sed ante vivamus tortor duis mattis egestas metus', 3, 17, 37.974697, 23.794118, 38870, 'Grayhawk', 50, '2018-03-12 06:33:32', 8.47, 16, 16, 1);
insert into event (id, provider_user_id, category_id, title, description, tags, age_from, age_to, latitude, longtitude, postal_code, street, street_number, date_time, ticket_price, total_tickets, available_tickets, is_active) values (93, 65, 3, 'American Pie Presents Beta House (American Pie 6: Beta House)', 'Lorem ipsum dolor sit amet, consectetuer adipiscing elit. Proin risus. Praesent lectus.', 'pulvinar nulla pede', 3, 12, 37.960865, 23.722039, 43954, 'Graceland', 81, '2018-04-28 04:16:33', 18.91, 251, 251, 1);
insert into event (id, provider_user_id, category_id, title, description, tags, age_from, age_to, latitude, longtitude, postal_code, street, street_number, date_time, ticket_price, total_tickets, available_tickets, is_active) values (94, 75, 5, 'Tom Petty and the Heartbreakers: Runnin'' Down a Dream', 'Aenean fermentum. Donec ut mauris eget massa tempor convallis. Nulla neque libero, convallis eget, eleifend luctus, ultricies eu, nibh.', 'ultrices phasellus id sapien in sapien iaculis congue vivamus metus', 4, 10, 37.955418, 23.774163, 77899, 'Corben', 54, '2018-03-19 10:32:25', 15.19, 290, 290, 1);
insert into event (id, provider_user_id, category_id, title, description, tags, age_from, age_to, latitude, longtitude, postal_code, street, street_number, date_time, ticket_price, total_tickets, available_tickets, is_active) values (95, 60, 4, 'Bass Ackwards', 'Etiam vel augue. Vestibulum rutrum rutrum neque. Aenean auctor gravida sem.

Praesent id massa id nisl venenatis lacinia. Aenean sit amet justo. Morbi ut odio.

Cras mi pede, malesuada in, imperdiet et, commodo vulputate, justo. In blandit ultrices enim. Lorem ipsum dolor sit amet, consectetuer adipiscing elit.', 'nibh in lectus pellentesque at nulla suspendisse potenti', 3, 12, 37.973498, 23.65149, 61829, 'Nelson', 81, '2018-04-11 09:17:52', 19.67, 167, 167, 0);
insert into event (id, provider_user_id, category_id, title, description, tags, age_from, age_to, latitude, longtitude, postal_code, street, street_number, date_time, ticket_price, total_tickets, available_tickets, is_active) values (96, 245, 5, 'Scary or Die', 'Pellentesque at nulla. Suspendisse potenti. Cras in purus eu magna vulputate luctus.

Cum sociis natoque penatibus et magnis dis parturient montes, nascetur ridiculus mus. Vivamus vestibulum sagittis sapien. Cum sociis natoque penatibus et magnis dis parturient montes, nascetur ridiculus mus.', 'at diam nam tristique tortor eu', 4, 12, 38.000227, 23.657397, 86951, 'Hovde', 153, '2018-03-06 20:47:42', 17.89, 204, 204, 0);
insert into event (id, provider_user_id, category_id, title, description, tags, age_from, age_to, latitude, longtitude, postal_code, street, street_number, date_time, ticket_price, total_tickets, available_tickets, is_active) values (97, 5, 3, 'Photographing Fairies', 'Aenean lectus. Pellentesque eget nunc. Donec quis orci eget orci vehicula condimentum.

Curabitur in libero ut massa volutpat convallis. Morbi odio odio, elementum eu, interdum eu, tincidunt in, leo. Maecenas pulvinar lobortis est.

Phasellus sit amet erat. Nulla tempus. Vivamus in felis eu sapien cursus vestibulum.', 'odio in hac habitasse', 5, 15, 38.039866, 23.7966, 79440, 'West', 54, '2018-04-08 04:26:12', 19.95, 177, 177, 0);
insert into event (id, provider_user_id, category_id, title, description, tags, age_from, age_to, latitude, longtitude, postal_code, street, street_number, date_time, ticket_price, total_tickets, available_tickets, is_active) values (98, 20, 4, 'Sex Ed', 'In hac habitasse platea dictumst. Morbi vestibulum, velit id pretium iaculis, diam erat fermentum justo, nec condimentum neque sapien placerat ante. Nulla justo.

Aliquam quis turpis eget elit sodales scelerisque. Mauris sit amet eros. Suspendisse accumsan tortor quis turpis.', 'nulla dapibus dolor vel', 5, 9, 38.045875, 23.797485, 41295, 'Killdeer', 97, '2018-02-25 12:54:47', 8.07, 192, 192, 0);
insert into event (id, provider_user_id, category_id, title, description, tags, age_from, age_to, latitude, longtitude, postal_code, street, street_number, date_time, ticket_price, total_tickets, available_tickets, is_active) values (99, 5, 3, 'Deadline - U.S.A.', 'Praesent blandit. Nam nulla. Integer pede justo, lacinia eget, tincidunt eget, tempus vel, pede.

Morbi porttitor lorem id ligula. Suspendisse ornare consequat lectus. In est risus, auctor sed, tristique in, tempus sit amet, sem.', 'tempor turpis nec euismod scelerisque quam turpis adipiscing lorem vitae', 3, 12, 38.001977, 23.649421, 48299, 'Erie', 77, '2018-03-29 20:40:37', 17.78, 118, 118, 0);
insert into event (id, provider_user_id, category_id, title, description, tags, age_from, age_to, latitude, longtitude, postal_code, street, street_number, date_time, ticket_price, total_tickets, available_tickets, is_active) values (100, 235, 4, 'Now Is Good', 'In sagittis dui vel nisl. Duis ac nibh. Fusce lacus purus, aliquet at, feugiat non, pretium quis, lectus.', 'interdum mauris ullamcorper purus sit amet nulla quisque arcu libero', 6, 9, 38.027206, 23.644582, 79493, 'Rockefeller', 108, '2018-04-11 02:33:19', 16.79, 179, 179, 0);





insert into event_photos (id, event_id, link) values (1, 17, 'http://dummyimage.com/1881x482.bmp/5fa2dd/ffffff');
insert into event_photos (id, event_id, link) values (2, 18, 'http://dummyimage.com/1219x1033.png/cc0000/ffffff');
insert into event_photos (id, event_id, link) values (3, 19, 'http://dummyimage.com/1908x989.bmp/5fa2dd/ffffff');
insert into event_photos (id, event_id, link) values (4, 10, 'http://dummyimage.com/1134x480.bmp/cc0000/ffffff');
insert into event_photos (id, event_id, link) values (5, 3, 'http://dummyimage.com/772x1015.bmp/ff4444/ffffff');
insert into event_photos (id, event_id, link) values (6, 14, 'http://dummyimage.com/1590x1055.png/dddddd/000000');
insert into event_photos (id, event_id, link) values (7, 14, 'http://dummyimage.com/1008x862.bmp/cc0000/ffffff');
insert into event_photos (id, event_id, link) values (8, 10, 'http://dummyimage.com/839x655.bmp/cc0000/ffffff');
insert into event_photos (id, event_id, link) values (9, 2, 'http://dummyimage.com/1735x646.bmp/ff4444/ffffff');
insert into event_photos (id, event_id, link) values (10, 13, 'http://dummyimage.com/1462x530.png/cc0000/ffffff');
insert into event_photos (id, event_id, link) values (11, 17, 'http://dummyimage.com/1232x951.png/dddddd/000000');
insert into event_photos (id, event_id, link) values (12, 18, 'http://dummyimage.com/1803x996.bmp/5fa2dd/ffffff');
insert into event_photos (id, event_id, link) values (13, 5, 'http://dummyimage.com/1738x926.jpg/5fa2dd/ffffff');
insert into event_photos (id, event_id, link) values (14, 13, 'http://dummyimage.com/1855x553.bmp/5fa2dd/ffffff');
insert into event_photos (id, event_id, link) values (15, 7, 'http://www.athensmagazine.gr/photos/w_800px/articles/201012a/508cbaf930e82af8f1f1ffef49a526c2.jpg');
insert into event_photos (id, event_id, link) values (16, 10, 'http://dummyimage.com/1689x829.bmp/5fa2dd/ffffff');
insert into event_photos (id, event_id, link) values (17, 10, 'http://dummyimage.com/840x560.jpg/5fa2dd/ffffff');
insert into event_photos (id, event_id, link) values (18, 15, 'http://dummyimage.com/768x871.jpg/5fa2dd/ffffff');
insert into event_photos (id, event_id, link) values (19, 4, 'http://dummyimage.com/1465x600.jpg/ff4444/ffffff');
insert into event_photos (id, event_id, link) values (20, 6, 'http://dummyimage.com/1681x570.bmp/cc0000/ffffff');
insert into event_photos (id, event_id, link) values (21, 11, 'http://dummyimage.com/839x883.png/dddddd/000000');
insert into event_photos (id, event_id, link) values (22, 10, 'http://dummyimage.com/825x764.bmp/dddddd/000000');
insert into event_photos (id, event_id, link) values (23, 10, 'http://dummyimage.com/1053x714.bmp/dddddd/000000');
insert into event_photos (id, event_id, link) values (24, 18, 'http://dummyimage.com/1695x538.png/5fa2dd/ffffff');
insert into event_photos (id, event_id, link) values (25, 2, 'http://dummyimage.com/792x596.jpg/cc0000/ffffff');
insert into event_photos (id, event_id, link) values (26, 7, 'http://dummyimage.com/750x605.bmp/5fa2dd/ffffff');
insert into event_photos (id, event_id, link) values (27, 7, 'http://dummyimage.com/1486x628.png/dddddd/000000');
insert into event_photos (id, event_id, link) values (28, 3, 'http://dummyimage.com/1029x619.png/dddddd/000000');
insert into event_photos (id, event_id, link) values (29, 3, 'http://dummyimage.com/1769x845.png/5fa2dd/ffffff');
insert into event_photos (id, event_id, link) values (30, 9, 'http://dummyimage.com/1738x607.png/dddddd/000000');
insert into event_photos (id, event_id, link) values (31, 14, 'http://dummyimage.com/806x1049.jpg/5fa2dd/ffffff');
insert into event_photos (id, event_id, link) values (32, 12, 'http://dummyimage.com/1141x1049.bmp/5fa2dd/ffffff');
insert into event_photos (id, event_id, link) values (33, 20, 'http://dummyimage.com/1907x1044.jpg/ff4444/ffffff');
insert into event_photos (id, event_id, link) values (34, 14, 'http://dummyimage.com/1305x620.jpg/cc0000/ffffff');
insert into event_photos (id, event_id, link) values (35, 10, 'http://dummyimage.com/1792x535.jpg/cc0000/ffffff');
insert into event_photos (id, event_id, link) values (36, 5, 'http://dummyimage.com/1273x845.bmp/cc0000/ffffff');
insert into event_photos (id, event_id, link) values (37, 1, 'http://dummyimage.com/1405x1060.png/dddddd/000000');
insert into event_photos (id, event_id, link) values (38, 11, 'http://dummyimage.com/914x554.jpg/dddddd/000000');
insert into event_photos (id, event_id, link) values (39, 8, 'http://dummyimage.com/1715x671.jpg/5fa2dd/ffffff');
insert into event_photos (id, event_id, link) values (40, 6, 'http://dummyimage.com/1518x800.bmp/ff4444/ffffff');
insert into event_photos (id, event_id, link) values (41, 2, 'http://dummyimage.com/1280x1011.bmp/dddddd/000000');
insert into event_photos (id, event_id, link) values (42, 9, 'http://dummyimage.com/1316x976.bmp/cc0000/ffffff');
insert into event_photos (id, event_id, link) values (43, 18, 'http://dummyimage.com/1327x782.jpg/ff4444/ffffff');
insert into event_photos (id, event_id, link) values (44, 5, 'http://dummyimage.com/848x634.jpg/dddddd/000000');
insert into event_photos (id, event_id, link) values (45, 19, 'http://dummyimage.com/1085x661.bmp/ff4444/ffffff');
insert into event_photos (id, event_id, link) values (46, 10, 'http://dummyimage.com/967x898.jpg/ff4444/ffffff');
insert into event_photos (id, event_id, link) values (47, 7, 'http://dummyimage.com/1282x742.bmp/ff4444/ffffff');
insert into event_photos (id, event_id, link) values (48, 3, 'http://dummyimage.com/731x942.bmp/5fa2dd/ffffff');
insert into event_photos (id, event_id, link) values (49, 3, 'http://dummyimage.com/1720x559.bmp/cc0000/ffffff');
insert into event_photos (id, event_id, link) values (50, 11, 'http://dummyimage.com/1315x667.png/ff4444/ffffff');
insert into event_photos (id, event_id, link) values (51, 8, 'http://dummyimage.com/1590x489.jpg/dddddd/000000');
insert into event_photos (id, event_id, link) values (52, 5, 'http://dummyimage.com/1465x668.jpg/ff4444/ffffff');
insert into event_photos (id, event_id, link) values (53, 14, 'http://dummyimage.com/711x505.bmp/5fa2dd/ffffff');
insert into event_photos (id, event_id, link) values (54, 17, 'http://dummyimage.com/763x590.jpg/cc0000/ffffff');
insert into event_photos (id, event_id, link) values (55, 4, 'http://dummyimage.com/1452x842.jpg/ff4444/ffffff');
insert into event_photos (id, event_id, link) values (56, 16, 'http://dummyimage.com/961x649.bmp/ff4444/ffffff');
insert into event_photos (id, event_id, link) values (57, 5, 'http://dummyimage.com/1272x873.bmp/dddddd/000000');
insert into event_photos (id, event_id, link) values (58, 15, 'http://dummyimage.com/1123x952.png/cc0000/ffffff');
insert into event_photos (id, event_id, link) values (59, 5, 'http://dummyimage.com/1356x1019.png/dddddd/000000');
insert into event_photos (id, event_id, link) values (60, 16, 'http://dummyimage.com/675x664.jpg/dddddd/000000');
insert into event_photos (id, event_id, link) values (61, 92, 'http://dummyimage.com/712x697.png/cc0000/ffffff');
insert into event_photos (id, event_id, link) values (62, 24, 'http://dummyimage.com/900x686.png/ff4444/ffffff');
insert into event_photos (id, event_id, link) values (63, 39, 'http://dummyimage.com/942x506.png/cc0000/ffffff');
insert into event_photos (id, event_id, link) values (64, 38, 'http://dummyimage.com/797x663.png/cc0000/ffffff');
insert into event_photos (id, event_id, link) values (65, 81, 'http://dummyimage.com/977x498.png/cc0000/ffffff');
insert into event_photos (id, event_id, link) values (66, 99, 'http://dummyimage.com/1212x572.png/cc0000/ffffff');
insert into event_photos (id, event_id, link) values (67, 62, 'http://dummyimage.com/1057x514.png/5fa2dd/ffffff');
insert into event_photos (id, event_id, link) values (68, 98, 'http://dummyimage.com/891x625.png/ff4444/ffffff');
insert into event_photos (id, event_id, link) values (69, 29, 'http://dummyimage.com/1279x660.png/cc0000/ffffff');
insert into event_photos (id, event_id, link) values (70, 23, 'http://dummyimage.com/1119x566.png/dddddd/000000');
insert into event_photos (id, event_id, link) values (71, 39, 'http://dummyimage.com/1184x613.png/dddddd/000000');
insert into event_photos (id, event_id, link) values (72, 88, 'http://dummyimage.com/1120x708.png/5fa2dd/ffffff');
insert into event_photos (id, event_id, link) values (73, 71, 'http://dummyimage.com/1104x501.png/cc0000/ffffff');
insert into event_photos (id, event_id, link) values (74, 33, 'http://dummyimage.com/1208x656.png/dddddd/000000');
insert into event_photos (id, event_id, link) values (75, 46, 'http://dummyimage.com/879x546.png/ff4444/ffffff');
insert into event_photos (id, event_id, link) values (76, 42, 'http://dummyimage.com/1134x596.png/ff4444/ffffff');
insert into event_photos (id, event_id, link) values (77, 84, 'http://dummyimage.com/716x623.png/dddddd/000000');
insert into event_photos (id, event_id, link) values (78, 47, 'http://dummyimage.com/671x674.png/cc0000/ffffff');
insert into event_photos (id, event_id, link) values (79, 84, 'http://dummyimage.com/901x663.png/dddddd/000000');
insert into event_photos (id, event_id, link) values (80, 42, 'http://dummyimage.com/784x611.png/dddddd/000000');
insert into event_photos (id, event_id, link) values (81, 31, 'http://dummyimage.com/818x529.png/cc0000/ffffff');
insert into event_photos (id, event_id, link) values (82, 91, 'http://dummyimage.com/920x715.png/cc0000/ffffff');
insert into event_photos (id, event_id, link) values (83, 92, 'http://dummyimage.com/756x649.png/5fa2dd/ffffff');
insert into event_photos (id, event_id, link) values (84, 55, 'http://dummyimage.com/1226x614.png/ff4444/ffffff');
insert into event_photos (id, event_id, link) values (85, 41, 'http://dummyimage.com/828x503.png/ff4444/ffffff');
insert into event_photos (id, event_id, link) values (86, 97, 'http://dummyimage.com/771x512.png/dddddd/000000');
insert into event_photos (id, event_id, link) values (87, 25, 'http://dummyimage.com/1187x717.png/ff4444/ffffff');
insert into event_photos (id, event_id, link) values (88, 100, 'http://dummyimage.com/1119x608.png/5fa2dd/ffffff');
insert into event_photos (id, event_id, link) values (89, 31, 'http://dummyimage.com/708x622.png/cc0000/ffffff');
insert into event_photos (id, event_id, link) values (90, 82, 'http://dummyimage.com/941x550.png/dddddd/000000');
insert into event_photos (id, event_id, link) values (91, 73, 'http://dummyimage.com/777x547.png/5fa2dd/ffffff');
insert into event_photos (id, event_id, link) values (92, 58, 'http://dummyimage.com/1250x663.png/ff4444/ffffff');
insert into event_photos (id, event_id, link) values (93, 21, 'http://dummyimage.com/649x599.png/dddddd/000000');
insert into event_photos (id, event_id, link) values (94, 74, 'http://dummyimage.com/1266x512.png/dddddd/000000');
insert into event_photos (id, event_id, link) values (95, 79, 'http://dummyimage.com/1025x597.png/ff4444/ffffff');
insert into event_photos (id, event_id, link) values (96, 48, 'http://dummyimage.com/771x517.png/dddddd/000000');
insert into event_photos (id, event_id, link) values (97, 95, 'http://dummyimage.com/866x484.png/ff4444/ffffff');
insert into event_photos (id, event_id, link) values (98, 24, 'http://dummyimage.com/1015x528.png/cc0000/ffffff');
insert into event_photos (id, event_id, link) values (99, 46, 'http://dummyimage.com/1135x510.png/cc0000/ffffff');
insert into event_photos (id, event_id, link) values (100, 85, 'http://dummyimage.com/1013x619.png/ff4444/ffffff');
insert into event_photos (id, event_id, link) values (101, 55, 'http://dummyimage.com/1109x532.png/dddddd/000000');
insert into event_photos (id, event_id, link) values (102, 88, 'http://dummyimage.com/1055x669.png/cc0000/ffffff');
insert into event_photos (id, event_id, link) values (103, 64, 'http://dummyimage.com/750x608.png/ff4444/ffffff');
insert into event_photos (id, event_id, link) values (104, 88, 'http://dummyimage.com/1057x599.png/dddddd/000000');
insert into event_photos (id, event_id, link) values (105, 24, 'http://dummyimage.com/1090x520.png/ff4444/ffffff');
insert into event_photos (id, event_id, link) values (106, 67, 'http://dummyimage.com/871x509.png/dddddd/000000');
insert into event_photos (id, event_id, link) values (107, 35, 'http://dummyimage.com/1212x709.png/5fa2dd/ffffff');
insert into event_photos (id, event_id, link) values (108, 85, 'http://dummyimage.com/1221x553.png/5fa2dd/ffffff');
insert into event_photos (id, event_id, link) values (109, 73, 'http://dummyimage.com/1065x684.png/dddddd/000000');
insert into event_photos (id, event_id, link) values (110, 56, 'http://dummyimage.com/745x514.png/ff4444/ffffff');
insert into event_photos (id, event_id, link) values (111, 21, 'http://dummyimage.com/819x703.png/dddddd/000000');
insert into event_photos (id, event_id, link) values (112, 89, 'http://dummyimage.com/926x611.png/cc0000/ffffff');
insert into event_photos (id, event_id, link) values (113, 41, 'http://dummyimage.com/893x584.png/5fa2dd/ffffff');
insert into event_photos (id, event_id, link) values (114, 39, 'http://dummyimage.com/692x610.png/cc0000/ffffff');
insert into event_photos (id, event_id, link) values (115, 61, 'http://dummyimage.com/885x598.png/ff4444/ffffff');
insert into event_photos (id, event_id, link) values (116, 27, 'http://dummyimage.com/1214x497.png/5fa2dd/ffffff');
insert into event_photos (id, event_id, link) values (117, 56, 'http://dummyimage.com/1222x506.png/cc0000/ffffff');
insert into event_photos (id, event_id, link) values (118, 29, 'http://dummyimage.com/1238x621.png/ff4444/ffffff');
insert into event_photos (id, event_id, link) values (119, 84, 'http://dummyimage.com/1272x645.png/cc0000/ffffff');
insert into event_photos (id, event_id, link) values (120, 70, 'http://dummyimage.com/1030x492.png/5fa2dd/ffffff');
insert into event_photos (id, event_id, link) values (121, 98, 'http://dummyimage.com/790x658.png/ff4444/ffffff');
insert into event_photos (id, event_id, link) values (122, 43, 'http://dummyimage.com/1114x713.png/ff4444/ffffff');
insert into event_photos (id, event_id, link) values (123, 37, 'http://dummyimage.com/937x623.png/5fa2dd/ffffff');
insert into event_photos (id, event_id, link) values (124, 50, 'http://dummyimage.com/858x480.png/5fa2dd/ffffff');
insert into event_photos (id, event_id, link) values (125, 58, 'http://dummyimage.com/770x565.png/ff4444/ffffff');
insert into event_photos (id, event_id, link) values (126, 69, 'http://dummyimage.com/1136x600.png/5fa2dd/ffffff');
insert into event_photos (id, event_id, link) values (127, 75, 'http://dummyimage.com/1112x655.png/ff4444/ffffff');
insert into event_photos (id, event_id, link) values (128, 23, 'http://dummyimage.com/803x512.png/ff4444/ffffff');
insert into event_photos (id, event_id, link) values (129, 62, 'http://dummyimage.com/1038x716.png/5fa2dd/ffffff');
insert into event_photos (id, event_id, link) values (130, 58, 'http://dummyimage.com/1013x509.png/dddddd/000000');
insert into event_photos (id, event_id, link) values (131, 42, 'http://dummyimage.com/673x636.png/cc0000/ffffff');
insert into event_photos (id, event_id, link) values (132, 24, 'http://dummyimage.com/1098x616.png/5fa2dd/ffffff');
insert into event_photos (id, event_id, link) values (133, 91, 'http://dummyimage.com/1134x687.png/ff4444/ffffff');
insert into event_photos (id, event_id, link) values (134, 37, 'http://dummyimage.com/743x672.png/cc0000/ffffff');
insert into event_photos (id, event_id, link) values (135, 36, 'http://dummyimage.com/1152x576.png/cc0000/ffffff');
insert into event_photos (id, event_id, link) values (136, 43, 'http://dummyimage.com/778x637.png/dddddd/000000');
insert into event_photos (id, event_id, link) values (137, 70, 'http://dummyimage.com/757x546.png/cc0000/ffffff');
insert into event_photos (id, event_id, link) values (138, 44, 'http://dummyimage.com/979x694.png/cc0000/ffffff');
insert into event_photos (id, event_id, link) values (139, 80, 'http://dummyimage.com/948x485.png/ff4444/ffffff');
insert into event_photos (id, event_id, link) values (140, 32, 'http://dummyimage.com/953x507.png/ff4444/ffffff');
insert into event_photos (id, event_id, link) values (141, 26, 'http://dummyimage.com/808x615.png/5fa2dd/ffffff');
insert into event_photos (id, event_id, link) values (142, 68, 'http://dummyimage.com/1178x668.png/cc0000/ffffff');
insert into event_photos (id, event_id, link) values (143, 84, 'http://dummyimage.com/1248x565.png/cc0000/ffffff');
insert into event_photos (id, event_id, link) values (144, 47, 'http://dummyimage.com/1183x643.png/ff4444/ffffff');
insert into event_photos (id, event_id, link) values (145, 92, 'http://dummyimage.com/972x574.png/cc0000/ffffff');
insert into event_photos (id, event_id, link) values (146, 24, 'http://dummyimage.com/908x558.png/ff4444/ffffff');
insert into event_photos (id, event_id, link) values (147, 65, 'http://dummyimage.com/1183x513.png/cc0000/ffffff');
insert into event_photos (id, event_id, link) values (148, 25, 'http://dummyimage.com/1031x578.png/5fa2dd/ffffff');
insert into event_photos (id, event_id, link) values (149, 55, 'http://dummyimage.com/1006x525.png/5fa2dd/ffffff');
insert into event_photos (id, event_id, link) values (150, 87, 'http://dummyimage.com/1055x531.png/cc0000/ffffff');
insert into event_photos (id, event_id, link) values (151, 53, 'http://dummyimage.com/789x528.png/5fa2dd/ffffff');
insert into event_photos (id, event_id, link) values (152, 96, 'http://dummyimage.com/919x572.png/dddddd/000000');
insert into event_photos (id, event_id, link) values (153, 28, 'http://dummyimage.com/1150x532.png/5fa2dd/ffffff');
insert into event_photos (id, event_id, link) values (154, 94, 'http://dummyimage.com/1122x597.png/cc0000/ffffff');
insert into event_photos (id, event_id, link) values (155, 74, 'http://dummyimage.com/829x594.png/5fa2dd/ffffff');
insert into event_photos (id, event_id, link) values (156, 84, 'http://dummyimage.com/989x545.png/cc0000/ffffff');
insert into event_photos (id, event_id, link) values (157, 91, 'http://dummyimage.com/1279x601.png/ff4444/ffffff');
insert into event_photos (id, event_id, link) values (158, 87, 'http://dummyimage.com/1035x541.png/dddddd/000000');
insert into event_photos (id, event_id, link) values (159, 60, 'http://dummyimage.com/918x661.png/ff4444/ffffff');
insert into event_photos (id, event_id, link) values (160, 67, 'http://dummyimage.com/826x630.png/cc0000/ffffff');
insert into event_photos (id, event_id, link) values (161, 25, 'http://dummyimage.com/687x665.png/dddddd/000000');
insert into event_photos (id, event_id, link) values (162, 44, 'http://dummyimage.com/1165x485.png/ff4444/ffffff');
insert into event_photos (id, event_id, link) values (163, 81, 'http://dummyimage.com/895x692.png/cc0000/ffffff');
insert into event_photos (id, event_id, link) values (164, 39, 'http://dummyimage.com/671x602.png/ff4444/ffffff');
insert into event_photos (id, event_id, link) values (165, 97, 'http://dummyimage.com/984x546.png/ff4444/ffffff');
insert into event_photos (id, event_id, link) values (166, 67, 'http://dummyimage.com/1101x535.png/5fa2dd/ffffff');
insert into event_photos (id, event_id, link) values (167, 77, 'http://dummyimage.com/1167x698.png/cc0000/ffffff');
insert into event_photos (id, event_id, link) values (168, 60, 'http://dummyimage.com/1200x583.png/dddddd/000000');
insert into event_photos (id, event_id, link) values (169, 72, 'http://dummyimage.com/766x635.png/ff4444/ffffff');
insert into event_photos (id, event_id, link) values (170, 38, 'http://dummyimage.com/783x635.png/ff4444/ffffff');
insert into event_photos (id, event_id, link) values (171, 95, 'http://dummyimage.com/801x601.png/dddddd/000000');
insert into event_photos (id, event_id, link) values (172, 53, 'http://dummyimage.com/1210x547.png/dddddd/000000');
insert into event_photos (id, event_id, link) values (173, 34, 'http://dummyimage.com/1193x641.png/5fa2dd/ffffff');
insert into event_photos (id, event_id, link) values (174, 81, 'http://dummyimage.com/1061x606.png/cc0000/ffffff');
insert into event_photos (id, event_id, link) values (175, 69, 'http://dummyimage.com/1185x536.png/cc0000/ffffff');
insert into event_photos (id, event_id, link) values (176, 22, 'http://dummyimage.com/1195x713.png/cc0000/ffffff');
insert into event_photos (id, event_id, link) values (177, 74, 'http://dummyimage.com/645x495.png/ff4444/ffffff');
insert into event_photos (id, event_id, link) values (178, 29, 'http://dummyimage.com/737x602.png/ff4444/ffffff');
insert into event_photos (id, event_id, link) values (179, 28, 'http://dummyimage.com/1250x545.png/cc0000/ffffff');
insert into event_photos (id, event_id, link) values (180, 57, 'http://dummyimage.com/1010x564.png/ff4444/ffffff');
insert into event_photos (id, event_id, link) values (181, 47, 'http://dummyimage.com/665x576.png/dddddd/000000');
insert into event_photos (id, event_id, link) values (182, 44, 'http://dummyimage.com/668x489.png/5fa2dd/ffffff');
insert into event_photos (id, event_id, link) values (183, 36, 'http://dummyimage.com/1261x628.png/cc0000/ffffff');
insert into event_photos (id, event_id, link) values (184, 70, 'http://dummyimage.com/847x654.png/cc0000/ffffff');
insert into event_photos (id, event_id, link) values (185, 96, 'http://dummyimage.com/816x555.png/cc0000/ffffff');
insert into event_photos (id, event_id, link) values (186, 55, 'http://dummyimage.com/987x533.png/dddddd/000000');
insert into event_photos (id, event_id, link) values (187, 37, 'http://dummyimage.com/1148x578.png/ff4444/ffffff');
insert into event_photos (id, event_id, link) values (188, 56, 'http://dummyimage.com/1044x513.png/5fa2dd/ffffff');
insert into event_photos (id, event_id, link) values (189, 34, 'http://dummyimage.com/757x663.png/dddddd/000000');
insert into event_photos (id, event_id, link) values (190, 92, 'http://dummyimage.com/1112x615.png/ff4444/ffffff');
insert into event_photos (id, event_id, link) values (191, 84, 'http://dummyimage.com/1157x555.png/cc0000/ffffff');
insert into event_photos (id, event_id, link) values (192, 36, 'http://dummyimage.com/1207x489.png/dddddd/000000');
insert into event_photos (id, event_id, link) values (193, 40, 'http://dummyimage.com/1131x486.png/5fa2dd/ffffff');
insert into event_photos (id, event_id, link) values (194, 60, 'http://dummyimage.com/952x703.png/5fa2dd/ffffff');
insert into event_photos (id, event_id, link) values (195, 81, 'http://dummyimage.com/721x529.png/dddddd/000000');
insert into event_photos (id, event_id, link) values (196, 79, 'http://dummyimage.com/1267x514.png/cc0000/ffffff');
insert into event_photos (id, event_id, link) values (197, 56, 'http://dummyimage.com/1163x663.png/dddddd/000000');
insert into event_photos (id, event_id, link) values (198, 44, 'http://dummyimage.com/1206x616.png/dddddd/000000');
insert into event_photos (id, event_id, link) values (199, 26, 'http://dummyimage.com/1107x639.png/5fa2dd/ffffff');
insert into event_photos (id, event_id, link) values (200, 73, 'http://dummyimage.com/718x593.png/5fa2dd/ffffff');
insert into event_photos (id, event_id, link) values (201, 29, 'http://dummyimage.com/643x546.png/dddddd/000000');
insert into event_photos (id, event_id, link) values (202, 30, 'http://dummyimage.com/1109x567.png/5fa2dd/ffffff');
insert into event_photos (id, event_id, link) values (203, 96, 'http://dummyimage.com/792x574.png/ff4444/ffffff');
insert into event_photos (id, event_id, link) values (204, 71, 'http://dummyimage.com/1254x628.png/5fa2dd/ffffff');
insert into event_photos (id, event_id, link) values (205, 81, 'http://dummyimage.com/986x551.png/5fa2dd/ffffff');
insert into event_photos (id, event_id, link) values (206, 45, 'http://dummyimage.com/1254x674.png/5fa2dd/ffffff');
insert into event_photos (id, event_id, link) values (207, 38, 'http://dummyimage.com/839x661.png/ff4444/ffffff');
insert into event_photos (id, event_id, link) values (208, 63, 'http://dummyimage.com/1275x530.png/5fa2dd/ffffff');
insert into event_photos (id, event_id, link) values (209, 71, 'http://dummyimage.com/693x545.png/5fa2dd/ffffff');
insert into event_photos (id, event_id, link) values (210, 43, 'http://dummyimage.com/759x500.png/cc0000/ffffff');
insert into event_photos (id, event_id, link) values (211, 27, 'http://dummyimage.com/1022x583.png/cc0000/ffffff');
insert into event_photos (id, event_id, link) values (212, 99, 'http://dummyimage.com/687x491.png/dddddd/000000');
insert into event_photos (id, event_id, link) values (213, 61, 'http://dummyimage.com/1108x672.png/cc0000/ffffff');
insert into event_photos (id, event_id, link) values (214, 44, 'http://dummyimage.com/1127x710.png/ff4444/ffffff');
insert into event_photos (id, event_id, link) values (215, 59, 'http://dummyimage.com/859x645.png/5fa2dd/ffffff');
insert into event_photos (id, event_id, link) values (216, 29, 'http://dummyimage.com/1130x683.png/cc0000/ffffff');
insert into event_photos (id, event_id, link) values (217, 90, 'http://dummyimage.com/1224x520.png/cc0000/ffffff');
insert into event_photos (id, event_id, link) values (218, 28, 'http://dummyimage.com/762x614.png/dddddd/000000');
insert into event_photos (id, event_id, link) values (219, 29, 'http://dummyimage.com/816x685.png/cc0000/ffffff');
insert into event_photos (id, event_id, link) values (220, 46, 'http://dummyimage.com/1061x698.png/5fa2dd/ffffff');
insert into event_photos (id, event_id, link) values (221, 95, 'http://dummyimage.com/1234x644.png/ff4444/ffffff');
insert into event_photos (id, event_id, link) values (222, 45, 'http://dummyimage.com/840x604.png/dddddd/000000');
insert into event_photos (id, event_id, link) values (223, 77, 'http://dummyimage.com/1102x526.png/ff4444/ffffff');
insert into event_photos (id, event_id, link) values (224, 44, 'http://dummyimage.com/1121x483.png/cc0000/ffffff');
insert into event_photos (id, event_id, link) values (225, 45, 'http://dummyimage.com/1144x511.png/dddddd/000000');
insert into event_photos (id, event_id, link) values (226, 78, 'http://dummyimage.com/958x624.png/cc0000/ffffff');
insert into event_photos (id, event_id, link) values (227, 59, 'http://dummyimage.com/919x719.png/ff4444/ffffff');
insert into event_photos (id, event_id, link) values (228, 34, 'http://dummyimage.com/1269x640.png/ff4444/ffffff');
insert into event_photos (id, event_id, link) values (229, 52, 'http://dummyimage.com/1096x584.png/ff4444/ffffff');
insert into event_photos (id, event_id, link) values (230, 55, 'http://dummyimage.com/890x606.png/ff4444/ffffff');
insert into event_photos (id, event_id, link) values (231, 44, 'http://dummyimage.com/1214x694.png/ff4444/ffffff');
insert into event_photos (id, event_id, link) values (232, 38, 'http://dummyimage.com/969x581.png/5fa2dd/ffffff');
insert into event_photos (id, event_id, link) values (233, 58, 'http://dummyimage.com/1018x622.png/dddddd/000000');
insert into event_photos (id, event_id, link) values (234, 81, 'http://dummyimage.com/999x636.png/cc0000/ffffff');
insert into event_photos (id, event_id, link) values (235, 33, 'http://dummyimage.com/680x494.png/5fa2dd/ffffff');
insert into event_photos (id, event_id, link) values (236, 32, 'http://dummyimage.com/1058x503.png/5fa2dd/ffffff');
insert into event_photos (id, event_id, link) values (237, 69, 'http://dummyimage.com/1049x542.png/ff4444/ffffff');
insert into event_photos (id, event_id, link) values (238, 34, 'http://dummyimage.com/943x488.png/cc0000/ffffff');
insert into event_photos (id, event_id, link) values (239, 46, 'http://dummyimage.com/994x571.png/cc0000/ffffff');
insert into event_photos (id, event_id, link) values (240, 80, 'http://dummyimage.com/803x536.png/5fa2dd/ffffff');
insert into event_photos (id, event_id, link) values (241, 22, 'http://dummyimage.com/709x688.png/5fa2dd/ffffff');
insert into event_photos (id, event_id, link) values (242, 69, 'http://dummyimage.com/764x533.png/ff4444/ffffff');
insert into event_photos (id, event_id, link) values (243, 58, 'http://dummyimage.com/834x689.png/cc0000/ffffff');
insert into event_photos (id, event_id, link) values (244, 66, 'http://dummyimage.com/701x659.png/ff4444/ffffff');
insert into event_photos (id, event_id, link) values (245, 94, 'http://dummyimage.com/995x541.png/cc0000/ffffff');
insert into event_photos (id, event_id, link) values (246, 77, 'http://dummyimage.com/759x593.png/ff4444/ffffff');
insert into event_photos (id, event_id, link) values (247, 37, 'http://dummyimage.com/720x677.png/dddddd/000000');
insert into event_photos (id, event_id, link) values (248, 28, 'http://dummyimage.com/1159x607.png/dddddd/000000');
insert into event_photos (id, event_id, link) values (249, 40, 'http://dummyimage.com/1199x487.png/5fa2dd/ffffff');
insert into event_photos (id, event_id, link) values (250, 98, 'http://dummyimage.com/647x668.png/5fa2dd/ffffff');
insert into event_photos (id, event_id, link) values (251, 40, 'http://dummyimage.com/1102x719.png/ff4444/ffffff');
insert into event_photos (id, event_id, link) values (252, 25, 'http://dummyimage.com/747x539.png/ff4444/ffffff');
insert into event_photos (id, event_id, link) values (253, 46, 'http://dummyimage.com/851x591.png/5fa2dd/ffffff');
insert into event_photos (id, event_id, link) values (254, 69, 'http://dummyimage.com/724x646.png/cc0000/ffffff');
insert into event_photos (id, event_id, link) values (255, 45, 'http://dummyimage.com/709x528.png/ff4444/ffffff');
insert into event_photos (id, event_id, link) values (256, 92, 'http://dummyimage.com/1015x550.png/5fa2dd/ffffff');
insert into event_photos (id, event_id, link) values (257, 74, 'http://dummyimage.com/1024x589.png/ff4444/ffffff');
insert into event_photos (id, event_id, link) values (258, 87, 'http://dummyimage.com/987x655.png/cc0000/ffffff');
insert into event_photos (id, event_id, link) values (259, 90, 'http://dummyimage.com/760x672.png/ff4444/ffffff');
insert into event_photos (id, event_id, link) values (260, 78, 'http://dummyimage.com/1220x571.png/ff4444/ffffff');




insert into ticket (id, parent_user_id, event_id, date_time, Quantity) values (1, 123, 3, '2017-09-08 05:46:15', 2);
insert into ticket (id, parent_user_id, event_id, date_time, Quantity) values (2, 188, 17, '2017-10-26 15:12:33', 5);
insert into ticket (id, parent_user_id, event_id, date_time, Quantity) values (3, 223, 14, '2017-03-03 15:06:10', 1);
insert into ticket (id, parent_user_id, event_id, date_time, Quantity) values (4, 138, 17, '2017-09-02 09:50:15', 5);
insert into ticket (id, parent_user_id, event_id, date_time, Quantity) values (5, 48, 3, '2017-04-07 11:59:24', 5);
insert into ticket (id, parent_user_id, event_id, date_time, Quantity) values (6, 88, 10, '2017-05-30 02:38:19', 2);
insert into ticket (id, parent_user_id, event_id, date_time, Quantity) values (7, 193, 20, '2017-08-11 13:55:15', 5);
insert into ticket (id, parent_user_id, event_id, date_time, Quantity) values (8, 163, 20, '2017-11-13 11:27:42', 1);
insert into ticket (id, parent_user_id, event_id, date_time, Quantity) values (9, 43, 18, '2017-04-05 00:41:44', 2);
insert into ticket (id, parent_user_id, event_id, date_time, Quantity) values (10, 48, 19, '2017-04-15 09:14:21', 4);
insert into ticket (id, parent_user_id, event_id, date_time, Quantity) values (11, 143, 5, '2017-10-24 09:32:26', 3);
insert into ticket (id, parent_user_id, event_id, date_time, Quantity) values (12, 168, 8, '2017-08-15 23:50:50', 2);
insert into ticket (id, parent_user_id, event_id, date_time, Quantity) values (13, 113, 11, '2017-10-11 11:45:01', 5);
insert into ticket (id, parent_user_id, event_id, date_time, Quantity) values (14, 58, 18, '2017-08-23 22:04:05', 3);
insert into ticket (id, parent_user_id, event_id, date_time, Quantity) values (15, 23, 14, '2017-08-02 22:50:32', 1);
insert into ticket (id, parent_user_id, event_id, date_time, Quantity) values (16, 3, 14, '2017-04-21 06:55:34', 2);
insert into ticket (id, parent_user_id, event_id, date_time, Quantity) values (17, 168, 19, '2017-02-28 21:20:22', 1);
insert into ticket (id, parent_user_id, event_id, date_time, Quantity) values (18, 88, 10, '2017-06-06 09:11:49', 3);
insert into ticket (id, parent_user_id, event_id, date_time, Quantity) values (19, 78, 6, '2017-10-26 08:03:47', 1);
insert into ticket (id, parent_user_id, event_id, date_time, Quantity) values (20, 198, 12, '2018-01-30 16:35:19', 2);
insert into ticket (id, parent_user_id, event_id, date_time, Quantity) values (21, 118, 17, '2018-01-23 10:50:47', 3);
insert into ticket (id, parent_user_id, event_id, date_time, Quantity) values (22, 13, 11, '2017-06-12 08:46:07', 4);
insert into ticket (id, parent_user_id, event_id, date_time, Quantity) values (23, 218, 20, '2017-06-09 10:06:29', 1);
insert into ticket (id, parent_user_id, event_id, date_time, Quantity) values (24, 228, 16, '2017-08-20 13:03:19', 2);
insert into ticket (id, parent_user_id, event_id, date_time, Quantity) values (25, 43, 18, '2017-06-03 03:25:45', 5);
insert into ticket (id, parent_user_id, event_id, date_time, Quantity) values (26, 63, 7, '2017-10-19 02:38:07', 3);
insert into ticket (id, parent_user_id, event_id, date_time, Quantity) values (27, 63, 5, '2017-10-23 23:19:15', 1);
insert into ticket (id, parent_user_id, event_id, date_time, Quantity) values (28, 183, 10, '2017-12-17 23:46:11', 3);
insert into ticket (id, parent_user_id, event_id, date_time, Quantity) values (29, 78, 11, '2017-08-07 01:50:04', 5);
insert into ticket (id, parent_user_id, event_id, date_time, Quantity) values (30, 58, 6, '2018-01-03 17:54:49', 2);
insert into ticket (id, parent_user_id, event_id, date_time, Quantity) values (31, 83, 17, '2017-06-07 01:21:29', 4);
insert into ticket (id, parent_user_id, event_id, date_time, Quantity) values (32, 3, 17, '2018-01-28 09:18:09', 4);
insert into ticket (id, parent_user_id, event_id, date_time, Quantity) values (33, 88, 13, '2018-02-05 11:15:39', 1);
insert into ticket (id, parent_user_id, event_id, date_time, Quantity) values (34, 173, 15, '2017-06-12 22:15:51', 2);
insert into ticket (id, parent_user_id, event_id, date_time, Quantity) values (35, 98, 16, '2017-12-01 02:45:05', 4);
insert into ticket (id, parent_user_id, event_id, date_time, Quantity) values (36, 63, 12, '2017-07-04 20:48:24', 3);
insert into ticket (id, parent_user_id, event_id, date_time, Quantity) values (37, 73, 20, '2017-12-26 16:47:08', 4);
insert into ticket (id, parent_user_id, event_id, date_time, Quantity) values (38, 133, 6, '2017-12-20 04:17:57', 2);
insert into ticket (id, parent_user_id, event_id, date_time, Quantity) values (39, 58, 8, '2017-08-15 15:39:59', 4);
insert into ticket (id, parent_user_id, event_id, date_time, Quantity) values (40, 203, 11, '2018-02-09 13:53:26', 3);
insert into ticket (id, parent_user_id, event_id, date_time, Quantity) values (41, 48, 9, '2017-09-15 23:23:17', 5);
insert into ticket (id, parent_user_id, event_id, date_time, Quantity) values (42, 213, 10, '2017-08-12 01:46:52', 4);
insert into ticket (id, parent_user_id, event_id, date_time, Quantity) values (43, 158, 10, '2017-12-07 04:51:54', 4);
insert into ticket (id, parent_user_id, event_id, date_time, Quantity) values (44, 233, 9, '2017-04-29 17:51:55', 4);
insert into ticket (id, parent_user_id, event_id, date_time, Quantity) values (45, 3, 10, '2017-07-10 20:39:18', 4);
insert into ticket (id, parent_user_id, event_id, date_time, Quantity) values (46, 163, 4, '2017-05-21 06:21:16', 4);
insert into ticket (id, parent_user_id, event_id, date_time, Quantity) values (47, 88, 12, '2017-11-19 07:34:00', 1);
insert into ticket (id, parent_user_id, event_id, date_time, Quantity) values (48, 13, 19, '2017-03-14 17:52:49', 5);
insert into ticket (id, parent_user_id, event_id, date_time, Quantity) values (49, 188, 2, '2018-01-14 12:50:41', 1);
insert into ticket (id, parent_user_id, event_id, date_time, Quantity) values (50, 198, 16, '2017-07-22 01:43:15', 5);
insert into ticket (id, parent_user_id, event_id, date_time, Quantity) values (51, 28, 16, '2018-01-28 03:17:32', 5);
insert into ticket (id, parent_user_id, event_id, date_time, Quantity) values (52, 188, 1, '2017-05-08 17:13:15', 5);
insert into ticket (id, parent_user_id, event_id, date_time, Quantity) values (53, 43, 12, '2017-10-30 01:01:31', 5);
insert into ticket (id, parent_user_id, event_id, date_time, Quantity) values (54, 68, 15, '2018-01-27 13:06:35', 1);
insert into ticket (id, parent_user_id, event_id, date_time, Quantity) values (55, 33, 15, '2018-01-01 10:18:02', 3);
insert into ticket (id, parent_user_id, event_id, date_time, Quantity) values (56, 3, 13, '2017-10-09 15:04:28', 4);
insert into ticket (id, parent_user_id, event_id, date_time, Quantity) values (57, 98, 19, '2017-08-27 08:31:11', 1);
insert into ticket (id, parent_user_id, event_id, date_time, Quantity) values (58, 133, 20, '2017-12-22 18:19:43', 1);
insert into ticket (id, parent_user_id, event_id, date_time, Quantity) values (59, 148, 6, '2017-04-28 23:43:19', 1);
insert into ticket (id, parent_user_id, event_id, date_time, Quantity) values (60, 33, 19, '2017-02-21 13:08:31', 3);
insert into ticket (id, parent_user_id, event_id, date_time, Quantity) values (61, 58, 6, '2017-07-31 16:23:55', 2);
insert into ticket (id, parent_user_id, event_id, date_time, Quantity) values (62, 18, 20, '2017-09-25 03:54:40', 5);
insert into ticket (id, parent_user_id, event_id, date_time, Quantity) values (63, 53, 2, '2018-01-16 10:12:48', 3);
insert into ticket (id, parent_user_id, event_id, date_time, Quantity) values (64, 248, 7, '2018-01-27 17:54:35', 5);
insert into ticket (id, parent_user_id, event_id, date_time, Quantity) values (65, 158, 13, '2017-11-28 18:15:20', 2);
insert into ticket (id, parent_user_id, event_id, date_time, Quantity) values (66, 23, 3, '2017-06-12 07:35:35', 5);
insert into ticket (id, parent_user_id, event_id, date_time, Quantity) values (67, 58, 18, '2017-04-12 11:29:32', 3);
insert into ticket (id, parent_user_id, event_id, date_time, Quantity) values (68, 48, 11, '2017-03-12 13:59:27', 3);
insert into ticket (id, parent_user_id, event_id, date_time, Quantity) values (69, 98, 17, '2017-08-25 19:24:08', 4);
insert into ticket (id, parent_user_id, event_id, date_time, Quantity) values (70, 78, 13, '2017-08-02 11:54:45', 2);
insert into ticket (id, parent_user_id, event_id, date_time, Quantity) values (71, 123, 19, '2017-11-10 08:57:59', 2);
insert into ticket (id, parent_user_id, event_id, date_time, Quantity) values (72, 118, 15, '2017-08-08 17:42:35', 3);
insert into ticket (id, parent_user_id, event_id, date_time, Quantity) values (73, 153, 2, '2017-06-27 13:05:02', 1);
insert into ticket (id, parent_user_id, event_id, date_time, Quantity) values (74, 73, 6, '2017-06-12 16:31:37', 4);
insert into ticket (id, parent_user_id, event_id, date_time, Quantity) values (75, 133, 1, '2017-12-12 03:07:36', 5);
insert into ticket (id, parent_user_id, event_id, date_time, Quantity) values (76, 198, 20, '2017-03-09 05:37:31', 4);
insert into ticket (id, parent_user_id, event_id, date_time, Quantity) values (77, 168, 2, '2017-09-25 16:44:23', 4);
insert into ticket (id, parent_user_id, event_id, date_time, Quantity) values (78, 153, 20, '2017-09-17 06:38:25', 1);
insert into ticket (id, parent_user_id, event_id, date_time, Quantity) values (79, 78, 9, '2017-07-07 10:38:39', 1);
insert into ticket (id, parent_user_id, event_id, date_time, Quantity) values (80, 13, 18, '2017-12-15 12:18:18', 5);
insert into ticket (id, parent_user_id, event_id, date_time, Quantity) values (81, 248, 2, '2017-12-10 18:44:29', 2);
insert into ticket (id, parent_user_id, event_id, date_time, Quantity) values (82, 63, 9, '2017-05-18 16:12:09', 3);
insert into ticket (id, parent_user_id, event_id, date_time, Quantity) values (83, 208, 8, '2017-02-19 11:38:53', 3);
insert into ticket (id, parent_user_id, event_id, date_time, Quantity) values (84, 163, 8, '2017-12-19 01:30:38', 5);
insert into ticket (id, parent_user_id, event_id, date_time, Quantity) values (85, 193, 5, '2017-03-27 13:32:52', 2);
insert into ticket (id, parent_user_id, event_id, date_time, Quantity) values (86, 238, 7, '2018-01-12 05:50:33', 4);
insert into ticket (id, parent_user_id, event_id, date_time, Quantity) values (87, 118, 10, '2017-06-07 14:47:47', 4);
insert into ticket (id, parent_user_id, event_id, date_time, Quantity) values (88, 188, 9, '2017-09-16 01:10:04', 5);
insert into ticket (id, parent_user_id, event_id, date_time, Quantity) values (89, 33, 20, '2017-03-16 18:17:02', 1);
insert into ticket (id, parent_user_id, event_id, date_time, Quantity) values (90, 243, 9, '2017-05-24 13:08:11', 2);
insert into ticket (id, parent_user_id, event_id, date_time, Quantity) values (91, 23, 10, '2017-03-17 14:23:28', 2);
insert into ticket (id, parent_user_id, event_id, date_time, Quantity) values (92, 28, 19, '2017-05-28 07:12:29', 5);
insert into ticket (id, parent_user_id, event_id, date_time, Quantity) values (93, 158, 11, '2018-01-15 08:36:46', 4);
insert into ticket (id, parent_user_id, event_id, date_time, Quantity) values (94, 168, 19, '2017-05-05 04:55:57', 2);
insert into ticket (id, parent_user_id, event_id, date_time, Quantity) values (95, 163, 2, '2017-03-11 17:26:25', 1);
insert into ticket (id, parent_user_id, event_id, date_time, Quantity) values (96, 38, 15, '2017-10-28 22:12:19', 5);
insert into ticket (id, parent_user_id, event_id, date_time, Quantity) values (97, 178, 7, '2017-08-29 14:46:49', 4);
insert into ticket (id, parent_user_id, event_id, date_time, Quantity) values (98, 108, 11, '2017-11-27 05:42:21', 2);
insert into ticket (id, parent_user_id, event_id, date_time, Quantity) values (99, 138, 3, '2017-10-25 14:37:12', 5);
insert into ticket (id, parent_user_id, event_id, date_time, Quantity) values (100, 188, 9, '2017-04-02 03:05:15', 3);


insert into report (id, parent_user_id, event_id, date_time, comments) values (1, 163, 20, '2017-02-08 12:37:44', 'Maecenas tristique, est et tempus semper, est quam pharetra magna, ac consequat metus sapien ut nunc. Vestibulum ante ipsum primis in faucibus orci luctus et ultrices posuere cubilia Curae; Mauris viverra diam vitae quam. Suspendisse potenti.

Nullam porttitor lacus at turpis. Donec posuere metus vitae ipsum. Aliquam non mauris.');
insert into report (id, parent_user_id, event_id, date_time, comments) values (2, 188, 4, '2017-01-21 09:00:14', 'Cras non velit nec nisi vulputate nonummy. Maecenas tincidunt lacus at velit. Vivamus vel nulla eget eros elementum pellentesque.

Quisque porta volutpat erat. Quisque erat eros, viverra eget, congue eget, semper rutrum, nulla. Nunc purus.

Phasellus in felis. Donec semper sapien a libero. Nam dui.');
insert into report (id, parent_user_id, event_id, date_time, comments) values (3, 73, 16, '2016-05-12 05:07:09', 'Aenean lectus. Pellentesque eget nunc. Donec quis orci eget orci vehicula condimentum.

Curabitur in libero ut massa volutpat convallis. Morbi odio odio, elementum eu, interdum eu, tincidunt in, leo. Maecenas pulvinar lobortis est.

Phasellus sit amet erat. Nulla tempus. Vivamus in felis eu sapien cursus vestibulum.');
insert into report (id, parent_user_id, event_id, date_time, comments) values (4, 123, 14, '2016-04-28 11:22:23', 'Mauris enim leo, rhoncus sed, vestibulum sit amet, cursus id, turpis. Integer aliquet, massa id lobortis convallis, tortor risus dapibus augue, vel accumsan tellus nisi eu orci. Mauris lacinia sapien quis libero.');
insert into report (id, parent_user_id, event_id, date_time, comments) values (5, 118, 14, '2016-11-23 03:13:03', 'Morbi non lectus. Aliquam sit amet diam in magna bibendum imperdiet. Nullam orci pede, venenatis non, sodales sed, tincidunt eu, felis.

Fusce posuere felis sed lacus. Morbi sem mauris, laoreet ut, rhoncus aliquet, pulvinar sed, nisl. Nunc rhoncus dui vel sem.

Sed sagittis. Nam congue, risus semper porta volutpat, quam pede lobortis ligula, sit amet eleifend pede libero quis orci. Nullam molestie nibh in lectus.');
insert into report (id, parent_user_id, event_id, date_time, comments) values (6, 8, 9, '2017-02-09 11:54:06', 'Phasellus sit amet erat. Nulla tempus. Vivamus in felis eu sapien cursus vestibulum.

Proin eu mi. Nulla ac enim. In tempor, turpis nec euismod scelerisque, quam turpis adipiscing lorem, vitae mattis nibh ligula nec sem.');
insert into report (id, parent_user_id, event_id, date_time, comments) values (7, 188, 18, '2016-02-27 20:49:00', 'Fusce consequat. Nulla nisl. Nunc nisl.

Duis bibendum, felis sed interdum venenatis, turpis enim blandit mi, in porttitor pede justo eu massa. Donec dapibus. Duis at velit eu est congue elementum.');
insert into report (id, parent_user_id, event_id, date_time, comments) values (8, 98, 2, '2016-07-13 21:03:42', 'Curabitur gravida nisi at nibh. In hac habitasse platea dictumst. Aliquam augue quam, sollicitudin vitae, consectetuer eget, rutrum at, lorem.

Integer tincidunt ante vel ipsum. Praesent blandit lacinia erat. Vestibulum sed magna at nunc commodo placerat.');
insert into report (id, parent_user_id, event_id, date_time, comments) values (9, 3, 9, '2016-07-10 09:10:14', 'Vestibulum quam sapien, varius ut, blandit non, interdum in, ante. Vestibulum ante ipsum primis in faucibus orci luctus et ultrices posuere cubilia Curae; Duis faucibus accumsan odio. Curabitur convallis.

Duis consequat dui nec nisi volutpat eleifend. Donec ut dolor. Morbi vel lectus in quam fringilla rhoncus.

Mauris enim leo, rhoncus sed, vestibulum sit amet, cursus id, turpis. Integer aliquet, massa id lobortis convallis, tortor risus dapibus augue, vel accumsan tellus nisi eu orci. Mauris lacinia sapien quis libero.');
insert into report (id, parent_user_id, event_id, date_time, comments) values (10, 78, 10, '2016-04-13 17:17:19', 'Praesent blandit. Nam nulla. Integer pede justo, lacinia eget, tincidunt eget, tempus vel, pede.

Morbi porttitor lorem id ligula. Suspendisse ornare consequat lectus. In est risus, auctor sed, tristique in, tempus sit amet, sem.

Fusce consequat. Nulla nisl. Nunc nisl.');
